毛衣针织连衣裙秋冬女装2019新款潮长款过膝打底内搭配大衣的裙子,159.00,广东 深圳,2330人付款,百诗哲旗舰店,
直筒毛衣中长款过膝连衣裙秋冬新款宽松半高领格子长袖打底针织裙,268.00,浙江 嘉兴,558人付款,郎尼拉芙旗舰店,
海青蓝连衣裙女秋冬2019新款时尚气质修身拼接长袖针织裙子15575,368.00,广东 深圳,366人付款,海青蓝旗舰店,
2019新款秋冬高冷御姐风成熟套装两件套连衣裙女气质时尚洋气初秋,138.00,广东 广州,1350人付款,艾蝶露旗舰店,
2019新款流行长款毛衣裙仙女内搭针织打底连衣裙女秋冬配大衣裙子,208.00,广东 东莞,1723人付款,町叩旗舰店,
丹慕妮尔裙子女秋冬装2019年新款长袖收腰显瘦洋气名媛气质连衣裙,388.00,广东 深圳,885人付款,丹慕妮尔旗舰店,
ONLY2019冬季新款洋气裙子小香风针织连衣裙女|119446510,699.00,天津,165人付款,only官方旗舰店,
Lily2019秋冬新款女装气质小香风亮丝编制淑女口袋直身连衣裙7932,469.00,上海,366人付款,lily官方旗舰店,
秋冬女长款过膝蕾丝拼接内搭打底针织毛衣裙配大衣的长袖连衣裙子,188.00,广东 东莞,1684人付款,幼u瓷,
海青蓝假两件连衣裙2019秋新款时尚针织拼接收腰网纱百褶气质长裙,368.00,广东 深圳,194人付款,海青蓝旗舰店,
黑色职业包臀开叉连衣裙女2019新款秋冬装V领修身气质显瘦一步裙,278.00,广东 广州,982人付款,千娜儿旗舰店,
打底针织连衣裙秋冬毛衣裙子长裙女过膝中长款内搭初秋2019新款厚,138.00,广东 广州,1662人付款,tb55134_99,
海青蓝气质轻熟风裙子收腰秋季女装2019新款印花假两件长袖连衣裙,368.00,广东 深圳,229人付款,海青蓝旗舰店,
连衣裙内搭秋冬新款裙子女2019气质背带裙套装春款两件套洋气减龄,228.00,广东 广州,1010人付款,易美初旗舰店,
秋水伊人娃娃领黑色毛呢连衣裙子秋冬2019新款收腰气质打底裙长袖,649.00,浙江 杭州,161人付款,秋水伊人官方旗舰店,
打底针织连衣裙子2019新款娃娃领秋冬季中长款过膝毛衣裙超仙女装,198.00,广东 深圳,1028人付款,niat旗舰店,
海青蓝小香风中长裙2019秋冬新款粗花呢收腰显瘦气质连衣裙16265,388.00,广东 深圳,124人付款,海青蓝旗舰店,
秋水伊人高冷御姐风成熟连衣裙女秋冬2019新款收腰显瘦气质打底裙,399.00,浙江 杭州,282人付款,秋水伊人官方旗舰店,
贵夫人羊毛针织连衣裙女秋冬2019年秋款女装中长款毛衣裙过膝加厚,318.00,广东 深圳,476人付款,妃语旗舰店,
秋水伊人连衣裙冬装2019年流行新款女装小香风钉珠直筒裙子女,359.00,浙江 杭州,211人付款,秋水伊人官方旗舰店,
HAINI海尼2019秋冬季新款羊毛长袖V领针织连衣裙女修身高腰A字裙,498.00,广东 深圳,357人付款,海尼旗舰店,
三彩2019初秋冬季新款高冷御姐风连衣裙修身淑女打底中长针织裙子,398.00,浙江 杭州,224人付款,三彩官方旗舰店,
日系名品女装秋冬新款红色复古羊毛针织连衣裙气质收腰显瘦打底裙,498.00,上海,419人付款,annazlll,
TeenieWeenie小熊2019冬季新款收腰显瘦气质针织连衣裙淑女风裙子,826.00,上海,121人付款,teenieweenie官方旗舰店,
秋冬裙新款女加厚贵夫人连衣裙高端洋气针织裙子气质毛衣裙中长款,268.00,广东 广州,756人付款,易美初旗舰店,
秋冬连衣裙女2019新款长袖气质淑女貂绒韩版中长款显瘦高领打底裙,589.00,福建 厦门,226人付款,精品代购折扣店铺,
【Ethel法代】sandro 19秋冬淑女拼接珍珠领百搭连衣裙sfpro,1366.00,法国,149人付款,gxichen2013,
秋水伊人连衣裙冬装2019新款女装拼接雪纺长袖系带领假两件裙,499.00,浙江 杭州,119人付款,秋水伊人官方旗舰店,
女人味法式复古收腰毛衣裙2019秋冬新款女显瘦气质针织系带连衣裙,198.00,浙江 杭州,1045人付款,王小姐的腔调,
Vero Moda2019秋冬新款彩色花呢拼接直筒流苏连衣裙|31936Z529,699.00,天津,60人付款,veromoda官方旗舰店,
秋水伊人连衣裙2019冬新款女装圆领长袖显瘦法式轻熟风针织裙子,299.00,浙江 杭州,216人付款,秋水伊人官方旗舰店,
香影连衣裙2019新款流行裙子秋冬小香风针织拼接粗花呢格子中长款,439.00,浙江 杭州,85人付款,香影官方旗舰店,
PORTS宝姿2019淑女褶皱优雅知性连衣裙简约修身中袖OL通勤,2939.00,福建 厦门,16人付款,ports宝姿旗舰店,
背心连衣裙秋冬毛呢马甲裙秋款套装两件套裙秋洋气减龄气质背带裙,248.00,广东 广州,694人付款,易美初旗舰店,
香影连衣裙女2019秋冬装新款直筒格子毛衣裙中长款小香风针织裙子,269.00,浙江 杭州,159人付款,香影官方旗舰店,
香影针织连衣裙2019新款韩版流行喇叭袖宽松显瘦毛衣裙中长款秋冬,259.00,浙江 杭州,130人付款,香影官方旗舰店,
乐町网纱连衣裙秋季女装2019新款气质网纱连衣裙收腰洋气淑女裙,269.90,浙江 宁波,196人付款,乐町官方旗舰店,
妃语秋冬装2019年新款女气质名媛针织小香风吊带连衣裙两件套裙子,398.00,广东 深圳,319人付款,feiyu妃语服饰,
长袖小香风气质连衣裙针织毛线两件套裙子女人味时尚套装2019秋潮,239.00,浙江 杭州,740人付款,百加度,
ONE MORE2019秋季新款海军领连衣裙宽松显瘦黑色法式甜美裙子女士,739.00,浙江 宁波,103人付款,onemore官方旗舰店,
针织连衣裙女秋冬香影2019新款长袖修身显瘦中长款半高领毛衣裙子,459.00,浙江 杭州,80人付款,香影官方旗舰店,
Miss Sixty2019新款秋季V领收腰显瘦法式浪漫波点连衣裙女,1690.00,广东 广州,19人付款,misssixty官方旗舰店,
秋水伊人连衣裙2019秋冬新款女装长袖法式显瘦中长款气质针织裙子,359.00,浙江 杭州,118人付款,秋水伊人官方旗舰店,
香影针织连衣裙女秋冬2019新款气质韩版显瘦中长款直筒长袖毛衣裙,279.00,浙江 杭州,130人付款,香影官方旗舰店,
秋水伊人针织连衣裙秋装2019年新款女装方领复古修身淑女裙子女,399.00,浙江 杭州,93人付款,秋水伊人官方旗舰店,
dzzit地素 2019秋专柜新款小香风粗花呢无袖连衣裙女3G3O3016T,1390.00,上海,33人付款,dzzit官方旗舰店,
三彩2019秋冬季新款娃娃领蕾丝公主裙子打底修身法式中长连衣裙女,398.00,浙江 杭州,77人付款,三彩官方旗舰店,
蕾丝连衣裙女 红袖2019冬装新款气质成熟淑女长袖法式初恋智熏裙,439.00,浙江 杭州,76人付款,红袖官方旗舰店,
直筒毛衣中长款过膝连衣裙秋冬新款宽松半高领格子长袖打底针织裙,268.00,浙江 嘉兴,558人付款,郎尼拉芙旗舰店,
dzzit地素 2019秋专柜新款小香风粗花呢无袖连衣裙女3G3O3016T,1390.00,上海,33人付款,dzzit官方旗舰店,
三彩2019秋冬季新款娃娃领蕾丝公主裙子打底修身法式中长连衣裙女,398.00,浙江 杭州,77人付款,三彩官方旗舰店,
蕾丝连衣裙女 红袖2019冬装新款气质成熟淑女长袖法式初恋智熏裙,439.00,浙江 杭州,76人付款,红袖官方旗舰店,
秋水伊人连衣裙冬装2019年新款女装波点娃娃领喇叭袖连衣裙女,399.00,浙江 杭州,76人付款,秋水伊人官方旗舰店,
TeenieWeenie小熊2019冬季新款女装气质名媛淑女风中长款连衣裙,699.00,上海,72人付款,teenieweenie官方旗舰店,
红袖心机小黑裙女夏2019新款小香风收腰修身POLO短袖赫本风连衣裙,199.00,浙江 杭州,99人付款,红袖官方旗舰店,
双十一预售珂莱蒂尔2019女秋季长袖气质蕾丝褶皱中长款法式连衣裙,1231.00,江西 赣州,29人付款,珂莱蒂尔旗舰店,
sdeer圣迪奥新潮前卫双立领收褶设计刺绣图案装饰连衣裙S18381210,291.00,江苏 南京,92人付款,sdeer旗舰店,
三彩2019秋冬季新款重工粉色蕾丝高冷御姐风连衣裙淑女中长裙女,398.00,浙江 杭州,73人付款,三彩官方旗舰店,
珂莱蒂尔连衣裙2019秋冬季新款羊毛小立领减龄蕾丝拼接气质裙子女,2028.00,江西 赣州,6人付款,珂莱蒂尔旗舰店,
2019新款女装小个子内搭冬裙法式复古a字打底裙子秋冬针织连衣裙,138.00,广东 东莞,1021人付款,梦见桥旗舰店,
ST/精致女孩！早秋长袖连衣裙小香风秋季长裙收腰显瘦名媛气质v领,398.00,重庆,486人付款,半熟工作室,
黑色金丝绒秋季连衣裙女长袖2019冬装新款气质时尚洋气假两件裙子,426.00,广东 深圳,286人付款,简百图旗舰店,
双十一预售珂莱蒂尔2019女秋季时尚收腰显瘦气质V领连衣裙粗花呢,1429.00,江西 赣州,9人付款,珂莱蒂尔旗舰店,
2019年新款网红初秋季女装潮小个子秋冬两件套装淑女显瘦连衣裙子,178.00,广东 广州,581人付款,艾蝶露旗舰店,
初秋网红套装女抖音小香风外套毛衣连衣裙两件套减龄洋气女装秋冬,139.00,广东 东莞,607人付款,魔法心公社旗舰店,
SongofSong歌中歌秋冬藏蓝修身羊毛白色半高领黑色a字裙连衣裙,7348.00,广东 深圳,2人付款,songofsong官方旗舰店,
三彩2019夏季新款短袖直筒Polo领欧美风连衣裙绣花裙子女休闲,168.00,浙江 杭州,88人付款,三彩官方旗舰店,
ELINKESY2019秋装新款遮肚收腰显瘦中长款连衣裙气质修身A字裙女,1580.00,广东 深圳,207人付款,elinkesy旗舰店,
FAshi 2019秋季新款韩版御姐风长裙复古长袖打底裙V领针织连衣裙,398.00,广东 深圳,650人付款,秀秀精美屋,
5件7折  欧时力2019秋季新款开叉小香风吊带连衣裙女1GY3081610,1390.00,广东 广州,31人付款,ochirly官方旗舰店,
中长款针织连衣裙新款复古裙打底高领加厚毛衣裙过膝2019秋冬装女,188.00,广东 东莞,1015人付款,捷羊旗舰店,
2019秋季新款高冷系女装气质成熟针织衫吊带连衣裙套装两件套洋气,98.00,广东 广州,2432人付款,麦田姑娘服饰旗舰店,
【双11预售】sdeer圣迪奥冬新品圆领网纱拼接针织连衣裙S19461206,359.00,江苏 南京,61人付款,sdeer旗舰店,
新款仙女超仙甜美森系秋冬打底长款蕾丝连衣裙配大衣的裙子气质女,158.00,浙江 杭州,834人付款,戈拉萱旗舰店,
森马针织连衣裙女冬气质女神范极简风含羊毛半高领中长款打底女装,339.00,浙江 杭州,191人付款,森马官方旗舰店,
A21秋冬季新款2019女装半高领毛衣裙 长袖中长款连衣裙秋装黑裙子,349.00,广东 东莞,121人付款,a21官方旗舰店,
2019新款女装优雅法式桔梗裙女秋港味气质长裙显瘦灯芯绒连衣裙女,125.90,广东 深圳,1409人付款,陌纤依旗舰店,
黑色金丝绒连衣裙女长袖2019秋冬季新款高贵洋气时尚气质v领a字裙,426.00,广东 深圳,263人付款,简百图旗舰店,
珂莱蒂尔2019年女秋冬新款法式气质中长款修身洋气蕾丝连衣裙,1368.00,江西 赣州,18人付款,珂莱蒂尔旗舰店,
三彩2019秋冬季新款高冷御姐风成熟蕾丝黑色打底连衣裙网纱裙仙女,298.00,浙江 杭州,56人付款,三彩官方旗舰店,
娜娜女王小香风连衣裙女秋冬2019年新款polo领粗花呢收腰a字裙子,378.00,广东 深圳,273人付款,queennana旗舰店,
连衣裙伊芙丽2019春装新款韩版时尚法国小众小香风黑色打底裙子,499.00,浙江 杭州,25人付款,伊芙丽旗舰店,
新款法式复古裙子金丝加绒红色连衣裙2019秋冬季加厚长袖气质流行,149.00,广东 东莞,823人付款,dwayen,
ONE MORE连衣裙2019新款秋吊带红色复古超仙小众桔梗裙小红裙子女,899.00,浙江 宁波,27人付款,onemore官方旗舰店,
ELAND2019秋季新款淑女风V领收腰显瘦碎花长袖连衣裙女EEOW988Q2I,998.00,上海,18人付款,eland官方旗舰店,
三彩2019初秋冬季新款娃娃领格子毛呢连衣裙假两件小香风裙子女,388.00,浙江 杭州,54人付款,三彩官方旗舰店,
ONLY2019秋冬新款气质淑女V领纯色两件套针织连衣裙女|119346518,699.00,天津,23人付款,only官方旗舰店,
伊华欧秀2019冬季女装新款法式清新仙女风网纱蕾丝连衣裙A字裙子,1129.00,广东 深圳,5人付款,evaouxiu旗舰店,
欧洲站2019早秋款御姐女神范洋气套装裤时尚小香风减龄显瘦两件套,368.00,广东 深圳,259人付款,邬达克安吉,
ONLY2019秋冬新款黑色拼接针织连衣裙收腰显瘦气质女|119346512,649.00,天津,33人付款,only官方旗舰店,
三彩2019秋冬季新款亮片网纱高腰法式赫本小黑色小香风连衣裙女,288.00,浙江 杭州,47人付款,三彩官方旗舰店,
A21秋冬季新款2019女装毛衣针织连衣裙 秋装打底长裙气质长袖裙子,369.00,广东 东莞,119人付款,a21官方旗舰店,
珂莱蒂尔绿色连衣裙2019秋季新款女装百褶七分袖系带高腰显瘦裙子,1498.00,江西 赣州,26人付款,珂莱蒂尔旗舰店,
金丝绒连衣裙女装2019新款潮秋冬季高冷御姐风成熟黑丝绒蕾丝裙子,189.00,广东 深圳,599人付款,百诗哲旗舰店,
SongofSong歌中歌秋冬新款小香风紫色雅致修身过膝优雅气质连衣裙,9900.00,广东 深圳,0人付款,songofsong官方旗舰店,
毛呢连衣裙背心裙初秋冬款背带裙打底显瘦洋气马甲裙套装女两件套,248.00,广东 惠州,495人付款,粤驰旗舰店,
秋冬2019新款泫雅风两件套连衣裙子穿搭配仙女超仙女装冷淡森系,168.00,广东 广州,549人付款,依魅莉旗舰店,
A21秋冬季新款2019女装直筒裙子 秋装简约卫衣长裙初秋长袖连衣裙,309.00,广东 东莞,137人付款,a21官方旗舰店,
红袖polo连衣裙女 2019秋装新款显瘦赫本风小黑裙法式高腰智熏裙,199.00,浙江 杭州,44人付款,红袖官方旗舰店,
秋装2019年新款女毛衣针织连衣裙收腰显瘦修身名媛气质女神范衣服,158.00,广东 东莞,1230人付款,若绎旗舰店,
加绒连衣裙冬季长款2019秋新款女气质贵夫人洋气高端内搭过膝长裙,238.00,湖北 武汉,441人付款,帛莉图旗舰店,
双十一预售珂莱蒂尔2019女秋季蕾丝长袖过膝长款时尚休闲连衣裙,1078.00,江西 赣州,20人付款,珂莱蒂尔旗舰店,
拉贝缇连衣裙收腰显瘦气质女装2019新款秋冬季长袖毛衣裙针织裙子,299.00,浙江 杭州,35人付款,lababite官方旗舰店,
晓小法国SANDRO19秋冬铆钉甜美文艺淑女修身针织连衣裙sfpro00615,1180.00,法国,70人付款,宅女云端,
针织内搭打底连衣裙中长款配大衣的长袖气质长裙女2019年秋冬新款,168.00,广东 广州,492人付款,艾蝶露旗舰店,
ELAND甜美淑女学院风格纹荷叶边连衣裙EEOW83816N,898.00,上海,22人付款,eland官方旗舰店,
dzzit地素 2019春秋新款设计感字母雪纺花边连衣裙女3G1O6166G,1190.00,上海,8人付款,dzzit官方旗舰店,
hopeshow小黑裙女红袖冬装新款蕾丝镂空长袖赫本风chic连衣裙,399.00,浙江 杭州,26人付款,红袖官方旗舰店,
dzzit地素 秋冬新款淑女蕾丝拼接蝴蝶结针织连衣裙女3F4E6061B,935.00,上海,18人付款,dzzit官方旗舰店,
香影西装裙连衣裙2019新款女装流行裙子秋冬气质复古双排扣收腰裙,395.10,浙江 杭州,32人付款,香影官方旗舰店,
酒红色连衣裙女2019新款秋冬韩版收腰简约气质中裙V领羊毛针织裙,495.00,福建 厦门,148人付款,精品代购折扣店铺,
双十一预售珂莱蒂尔细格纹连衣裙2019秋季法式复古格子高腰显瘦裙,1888.00,江西 赣州,7人付款,珂莱蒂尔旗舰店,
针织连衣裙女装秋冬季2019新款潮网纱中长款蛋糕过膝打底毛衣裙子,168.00,浙江 杭州,685人付款,从度旗舰店,
针织冬裙加厚羊毛千鸟格长款毛衣裙过膝连衣裙打底裙2019秋冬新款,243.00,浙江 嘉兴,436人付款,简依凰旗舰店,
珂莱蒂尔2019年女秋冬新款拼接羊毛修身洋气百搭中长款连衣裙,1998.00,江西 赣州,10人付款,珂莱蒂尔旗舰店,
FIVE PLUS女冬装两件套装连衣裙女打底蕾丝裙子无袖针织,899.00,广东 肇庆,14人付款,fiveplus官方旗舰店,
五分袖雪纺印花连衣裙女2019秋季新款韩版高腰宽显瘦中长款裙子仙,499.00,浙江 杭州,20人付款,puella官方旗舰店,
不参与多件折 欧时力2019新款秋装腰带开叉碎花连衣裙1ZH2084490,999.00,广东 广州,17人付款,ochirly官方旗舰店,
三彩2019秋冬季新款长袖粉色喇叭袖荷叶边打底裙亮片针织连衣裙女,298.00,浙江 杭州,36人付款,三彩官方旗舰店,
DPLAY德帕拉秋冬新款时尚粉色荷叶边飘逸喇叭袖收腰气质连衣裙女,358.00,上海,34人付款,dplay旗舰店,
5件7折 黑标系列 欧时力2019冬装荷叶绣花雪纺连衣裙1GH4084030,2390.00,广东 广州,5人付款,ochirly官方旗舰店,
珂莱蒂尔蕾丝连衣裙女装2019秋季新款仙女超仙甜美镂空高腰收腰,2300.00,江西 赣州,10人付款,珂莱蒂尔旗舰店,
ONLY2019秋冬新款气质收腰裙子显瘦百褶雪纺连衣裙女|119307551,649.00,天津,12人付款,only官方旗舰店,
拉夏贝尔圆领喇叭袖连衣裙2019秋冬季新款女装高腰显瘦气质a字裙,499.00,江苏 苏州,19人付款,拉夏贝尔官方旗舰,
MANGO女装连衣裙2019秋冬新款正面系扣腰部蝴蝶结长袖连衣裙,559.00,上海,8人付款,mango旗舰店,
恒源祥羊毛衫女中长款配大衣的打底毛衣秋冬季内搭针织过膝连衣裙,198.00,浙江 嘉兴,361人付款,牧羊奴品牌店,
三彩2019秋冬季新款木耳边打底长袖蕾丝中长高冷御姐风连衣裙女,548.00,浙江 杭州,16人付款,三彩官方旗舰店,
SongofSong歌中歌春秋冬花朵法国小众复古配大衣的长裙子连衣裙,4154.00,广东 深圳,1人付款,songofsong官方旗舰店,
红袖小个子连衣裙女2019秋装新款心机v领七分袖拼接假两件a字裙,339.00,浙江 杭州,11人付款,红袖官方旗舰店,
Miss Sixty2019新款秋季荷叶边法式浪漫收腰长裙子雪纺连衣裙女,1990.00,广东 广州,8人付款,misssixty官方旗舰店,
三彩2019早秋冬季新款网纱亮片法式流行灯笼袖裙子长袖连衣裙女,298.00,浙江 杭州,30人付款,三彩官方旗舰店,
谜秀背带连衣裙女2019秋冬装新款韩版修身气质格子百搭背心裙子潮,158.00,广东 广州,50人付款,谜秀旗舰店,
SongofSong歌中歌春秋复古酒红色名媛圆领羊毛刺绣修身包臀连衣裙,3424.00,广东 深圳,3人付款,songofsong官方旗舰店,
鱼尾连衣裙女 香影2019秋冬装新款气质淑女显瘦收腰中长款镂空裙,459.00,浙江 杭州,22人付款,香影官方旗舰店,
珂莱蒂尔2019冬装新款羊毛背心黑色收腰显瘦背带裙连衣裙子修身女,948.00,江西 赣州,7人付款,珂莱蒂尔旗舰店,
珂莱蒂尔2019女装秋季新款长袖针织收腰显瘦假两件大摆连衣裙,1298.00,江西 赣州,4人付款,珂莱蒂尔旗舰店,
5件7折 欧时力2019秋装V领绑带撞色拼接牛仔连衣裙女1GY2087190,999.00,广东 广州,20人付款,ochirly官方旗舰店,
SCOFIELD女装秋冬款木耳边蕾丝拼接中腰修身连衣裙SFOW84T03N,2148.00,上海,3人付款,scofield女装官方旗舰店,
DAZZLE地素 2019秋冬新款张钧甯同款格子翻领连衣裙女2G3O6253A,2088.00,上海,1人付款,dazzle官方旗舰店,
太平鸟雪纺碎花连衣裙夏装2019新款海军领系带法式过膝甜美仙女裙,499.90,浙江 宁波,13人付款,太平鸟官方旗舰店,
11预售音儿女装2019冬季新款时尚立领纽扣装饰拼接百褶连衣裙,1349.00,广东 深圳,4人付款,音儿官方旗舰店,
dzzit地素 2019秋专柜新款淑女千层蕾丝绣花连衣裙女3G3O506,1590.00,上海,5人付款,dzzit官方旗舰店,
SongofSong歌中歌春秋旗袍海军蓝S型短袖钉珠小v领中长款连衣裙,5543.00,广东 深圳,1人付款,songofsong官方旗舰店,
法式连衣裙女秋冬2019新款极简风高冷御姐成熟气质裙子女秋冬,249.00,江苏 苏州,19人付款,拉夏贝尔官方旗舰,
地素2019秋装新款明星同款周冬雨同款小飞象仙女连衣裙女3G1O6071,1790.00,上海,3人付款,dzzit官方旗舰店,
hopeshow卫衣裙女 红袖冬装新款纯棉连帽宽松荷叶边连衣裙,559.00,浙江 杭州,5人付款,红袖官方旗舰店,
PORTS宝姿春季女装优雅假两件包臀连衣裙ALA9N007GCF004,2459.00,福建 厦门,2人付款,ports宝姿旗舰店,
三彩2019夏季新款气质小香风波点a字吊带雪纺V领蛋糕无袖连衣裙女,248.00,浙江 杭州,28人付款,三彩官方旗舰店,
5件7折 欧时力2019新款秋冬装圆领刺绣修身连衣裙女1ZH1034260,1990.00,广东 广州,13人付款,ochirly官方旗舰店,
5件7折  欧时力2019新款秋装蕾丝长袖百褶连衣裙女1ZY1080430,1590.00,广东 广州,10人付款,ochirly官方旗舰店,
拉夏贝尔2019新款淑女短款波点a字裙泡泡袖宽松气质秋冬连衣裙女,249.00,江苏 苏州,31人付款,拉夏贝尔官方旗舰,
HM 女装裙子女 2019新款显瘦气质淑女成熟纹理梭织连衣裙0796059,329.00,江苏 苏州,22人付款,hm官方旗舰店,
SongofSong歌中歌蕾丝含桑蚕丝修身气质连衣裙礼服裙,3390.00,广东 深圳,0人付款,songofsong官方旗舰店,
ONLY秋冬新款桔梗V领绑带收腰中长款通勤衬衫连衣裙女|118307554,299.00,天津,24人付款,only官方旗舰店,
ELAND衣恋清新小碎花连衣裙蝴蝶结领女EEOW81155B,898.00,上海,13人付款,eland官方旗舰店,
气质女神范秋冬装2019年新款女人味针织毛衣显瘦连衣裙过膝修身裙,339.00,广东 深圳,261人付款,佳罗兰旗舰店,
ELAND秋装原宿风淑女撞色修身中长款针织连衣裙EEOK88T01I,898.00,上海,28人付款,eland官方旗舰店,
a字千鸟格半高领宽松长袖连衣裙秋冬过膝中长款不对称针织毛衣裙,278.00,浙江 嘉兴,351人付款,郎尼拉芙旗舰店,
SongofSong歌中歌春秋夏粉色修身小香风中长连衣裙包臀连衣裙,9603.00,广东 深圳,2人付款,songofsong官方旗舰店,
红袖吊带连衣裙女秋季2019新款chic复古冷淡风印花收腰雪纺复古裙,339.00,浙江 杭州,8人付款,红袖官方旗舰店,
DAZZLE地素 2019秋装新款淑女字母印花蛋糕雪纺连衣裙女2G3O6016A,2199.00,上海,0人付款,dazzle官方旗舰店,
连帽卫衣连衣裙女迪赛尼斯2019秋季新款个性宽松休闲中长裙小个子,899.00,浙江 杭州,10人付款,迪赛尼斯官方旗舰店,
DPLAY德帕拉秋冬新款2019年时尚印花灯笼袖设计淑女气质连衣裙女,358.00,上海,36人付款,dplay旗舰店,
sdeer圣迪奥2019秋装立领字母印花飘带不规则长袖连衣裙S19181227,239.00,江苏 南京,21人付款,sdeer旗舰店,
拉夏贝尔七分袖2019连衣裙女秋冬新款女装宽松气质v领中款a字裙,249.00,江苏 苏州,22人付款,拉夏贝尔官方旗舰,
小香风粗毛呢娃娃领连衣裙女秋装2019年新款时尚气质A字裙子冬季,198.00,广东 深圳,394人付款,衣米衣旗舰店,
法国代购 sandro 19秋冬几何烫钻高级灰针织短袖修身A字连衣裙,1365.00,法国,66人付款,嫣儿海外代购666,
ONE MORE 2019秋季新款灯芯绒鱼尾连衣裙两件套淑女高领设计感裙,899.00,浙江 宁波,10人付款,onemore官方旗舰店,
不参与多件折 欧时力2019新款秋装中长款蕾丝连衣裙女1ZH2084010,1290.00,广东 广州,9人付款,ochirly官方旗舰店,
预售EEOW84922M ELAND早秋拼接鱼尾波点衬衫袖蝴蝶结修身连衣裙,359.00,上海,21人付款,eland官方旗舰店,
2019新款气质网红抖音泫雅两件套装长款过膝内搭打底毛衣裙子秋冬,198.00,广东 深圳,476人付款,初穆旗舰店,
妃语贵夫人针织连衣裙秋款女装2019年阔太太开叉红色毛衣裙中长款,398.00,广东 深圳,150人付款,妃语旗舰店,
【预售】森马针织连衣裙女高领毛衣裙冬季中长款宽松直筒高冷御姐,159.99,浙江 杭州,11人付款,森马官方旗舰店,
ANMANI/恩曼琳19秋新花边立领系带网纱拼接蕾丝女连衣裙EAN9AA04,869.00,福建 厦门,5人付款,anmani恩曼琳官方旗舰店,
5件7折 欧时力秋冬装复古印花假两件长袖连衣裙女裙子1GC1084850,1090.00,广东 广州,13人付款,ochirly官方旗舰店,
伊芙丽2018冬装新款裙子V领直筒高腰中长款休闲宽松连衣裙女,490.00,浙江 杭州,16人付款,伊芙丽旗舰店,
YINER音儿女装2019冬季新款娃娃领条纹亮丝针织拼接假两件连衣裙,1580.00,广东 深圳,5人付款,音儿官方旗舰店,
茵曼春秋纯棉提花花边V领木耳边文艺小清新淑女收腰显瘦连衣裙,259.00,广东 佛山,16人付款,茵曼旗舰店,
伊芙丽连衣裙2019新款秋季复古波点高腰雪纺长裙智熏裙法式桔梗裙,539.00,浙江 杭州,15人付款,伊芙丽旗舰店,
CacheCache法式复古裙山本2018冬新款蝴蝶结木耳褶皱显瘦连衣裙女,179.90,上海,34人付款,cachecache旗舰店,
hopeshow长袖连衣裙女 红袖2019冬装新款加厚纯色印花木耳边裙子,449.00,浙江 杭州,4人付款,红袖官方旗舰店,
SongofSong歌中歌春夏优雅紫色旗袍修身礼服提花钉珠包臀连衣裙,9610.00,广东 深圳,1人付款,songofsong官方旗舰店,
Vero Modains风网纱拼接V领七分袖连衣裙|31937C506,799.00,天津,7人付款,veromoda官方旗舰店,
【商场同款】太平鸟女装冬装2019新款斯文娃娃连衣裙女A1FA94A01,699.00,浙江 宁波,3人付款,太平鸟官方旗舰店,
DOUBLOVE女装2019秋装新款性感网纱拼接小香风圆领针织长袖连衣裙,999.00,浙江 嘉兴,6人付款,doublelove旗舰店,
5件7折 欧时力2019秋冬装V领心机长袖优雅针织连衣裙1GH3036410,969.00,广东 广州,12人付款,ochirly官方旗舰店,
dzzit地素 2019冬专柜新款碎花波西米亚雪纺长连衣裙女3G4O6106A,1590.00,上海,1人付款,dzzit官方旗舰店,
DAZZLE地素 秋冬新款花色荷叶边雪纺长袖连衣裙女2F4O6086G,1088.00,上海,3人付款,dazzle官方旗舰店,
CacheCache连衣裙2019新款夏egg裙法式初恋很仙甜美减龄波点领结,179.90,上海,38人付款,cachecache旗舰店,
妖精的口袋2019新款夏季仙女荷叶边显瘦雪纺碎花印花长袖连衣裙女,289.80,江苏 南京,10人付款,妖精的口袋旗舰店,
SANDRO ALLEN 时尚中长款收腰显瘦针织连衣裙过膝气质打底毛衣女,699.00,上海,153人付款,岩哥跑江湖,
ONEMORE2019秋季新款波点大V领短袖短款绑带时尚复古连衣裙女裙子,569.00,浙江 宁波,13人付款,onemore官方旗舰店,
AIVEI欣贺艾薇2019秋冬新收腰不规则裙摆粗花呢连衣裙L0560066,1099.00,福建 厦门,2人付款,aivei官方旗舰店,
2019秋季新款长袖针织吊带连衣裙女背心长裙中长款黑色内搭打底裙,48.00,浙江 嘉兴,1850人付款,贝羽曼旗舰店,
A21秋冬季新款2019女装V领连衣裙 秋装气质长裙女学生毛衣裙子,389.00,广东 东莞,18人付款,a21官方旗舰店,
DAZZLE地素 2019秋装新款优雅舒适轻薄绣花蕾丝连衣裙女2G3O6137S,2899.00,上海,2人付款,dazzle官方旗舰店,
美特斯邦威碎花连衣裙女2019春秋款淑女风气质过膝长裙内搭裙子,219.90,上海,22人付款,美特斯邦威官方网店,
PORTS宝姿女装秋季新品无袖鱼尾裙女连衣裙SV9K242DZF019,2729.00,福建 厦门,3人付款,ports宝姿旗舰店,
秋冬季女人味法式针织连衣裙2019新款气质收腰显瘦复古长袖鱼尾裙,299.00,广东 深圳,320人付款,佳罗兰旗舰店,
5件7折 欧时力2019新款秋装银线立领针织百褶连衣裙女1ZZ1038690,1290.00,广东 广州,12人付款,ochirly官方旗舰店,
格纹格子毛呢裙2019春夏新款韩版宽松小个子V领无袖连衣裙打底女,399.00,浙江 杭州,26人付款,puella官方旗舰店,
DOUBLOVE贝爱女装2019秋冬新款蕾丝罩衫两件针织连衣裙,999.00,浙江 嘉兴,2人付款,doublelove旗舰店,
UR秋冬新品女装简约大方修腰高领连衣裙WG46S9FE2000,159.00,广东 广州,23人付款,ur官方旗舰店,
罗衣淑女连衣裙2019秋冬新款气质砖红色修身优雅大摆长裙子00780,395.70,广东 佛山,262人付款,roeyshouse旗舰店,
红袖西装裙女 2019秋装新款气质赫本风小黑裙职业装西服裙连衣裙,389.00,浙江 杭州,3人付款,红袖官方旗舰店,
2019新款女夏季七分袖气质赫本风中长款裙子蕾丝镂空不规则连衣裙,299.00,江苏 苏州,9人付款,拉夏贝尔官方旗舰,
娜尔思女装百褶连衣裙2019春季新款时尚收腰修身飘带v领中长裙女,1999.00,广东 深圳,1人付款,naersi旗舰店,
艾米恋圆领灯笼袖毛衣裙女秋季宽松短裙显瘦a字裙长袖针织连衣裙,129.00,广东 汕头,37人付款,艾米恋旗舰店,
SongofSong歌中歌春秋轻奢蕾丝粉色刺绣S形七分袖一步裙连衣裙,5346.00,广东 深圳,1人付款,songofsong官方旗舰店,
香影格子连衣裙女2019秋冬新款修身中长款花苞裙背带高腰小香风裙,359.00,浙江 杭州,12人付款,香影官方旗舰店,
拉夏贝尔连衣裙2019秋季新款有气质的裙子显瘦淑女荷叶边不规则裙,289.00,江苏 苏州,9人付款,拉夏贝尔官方旗舰,
A21秋冬季新款2019女装气质格子短裙 学生吊带连衣裙收腰显瘦裙子,309.00,广东 东莞,33人付款,a21官方旗舰店,
伊芙丽连衣裙2019新款夏流行高腰a字裙中长款黑色格子v领女士裙子,439.00,浙江 杭州,0人付款,伊芙丽旗舰店,
红袖显瘦连衣裙女 2019夏装新款碎花雪纺裙子仙女超仙森系桔梗裙,339.00,浙江 杭州,7人付款,红袖官方旗舰店,
AIVEI欣贺艾薇2019新款修身短袖小香风针织连衣裙L0160097,759.00,福建 厦门,8人付款,aivei官方旗舰店,
SongofSong歌中歌秋冬v领优雅紫色羊毛长袖钉珠收腰a字裙连衣裙,3290.00,广东 深圳,0人付款,songofsong官方旗舰店,
PORTS宝姿秋冬新品女装荷叶边下摆Peplum连衣裙SA9D041NWQ037,2859.00,福建 厦门,1人付款,ports宝姿旗舰店,
A姐法国代购 sandro 19秋冬 简约时尚修身气质纯色针织连衣裙 3色,866.32,法国,209人付款,黛希日本代购,
艾米恋高领针织连衣裙女冬季高腰a字裙百褶裙短款长袖打底毛衣裙,129.00,广东 汕头,11人付款,艾米恋旗舰店,
艾米恋v领毛呢背带裙女秋季高腰a字裙修身中长裙无袖纯色连衣裙,149.00,广东 汕头,15人付款,艾米恋旗舰店,
拉夏贝尔碎花系带连衣裙两件套2019秋季新短款网红双排扣a字裙女,569.00,江苏 苏州,5人付款,拉夏贝尔官方旗舰,
ONLY2019秋冬新款气质淑女网纱收腰两件套针织连衣裙女|119346509,899.00,天津,3人付款,only官方旗舰店,
CA横条纹针织圆领短袖直筒裙女士 春季过膝休闲连衣裙ECD119001,99.00,上海,35人付款,ca官方旗舰店,
达衣岩女装2019春季新款摩洛哥风情棉麻混纺针织镂空拼接连衣裙,1199.00,广东 广州,5人付款,donoratico达衣岩旗舰店,
中长款连衣裙女士法式复古裙收腰2019春夏季气质显瘦套装裙两件套,599.00,浙江 杭州,24人付款,puella官方旗舰店,
dzzit地素 2019春秋新款织花中长款仙女蕾丝连衣裙女3G1O6507D,848.00,上海,3人付款,dzzit官方旗舰店,
【预售】鄂尔多斯1980 19秋冬圆领通勤女连衣裙高腰过膝针织长裙,1795.00,北京,1人付款,鄂尔多斯官方旗舰店,
玛丝菲尔2019夏季新款休闲中长款连衣裙,938.00,广东 深圳,1人付款,marisfrolg官方旗舰店,
卓雅春季新款优雅性感一字肩露肩针织拼接连衣裙K1000702,4580.00,福建 厦门,0人付款,jorya官方旗舰店,
SongofSong歌中歌2019春秋冬宫廷风拼接黑色高腰修身连衣裙,7390.00,广东 深圳,1人付款,songofsong官方旗舰店,
长袖针织连衣裙女秋冬2019新款韩版黑色长款裙子气质修身过膝长裙,168.00,广东 广州,502人付款,艾蝶露旗舰店,
SNIDEL2019春夏优雅透视感抽绳流苏百褶雪纺连衣裙SWFO192024,1040.00,上海,3人付款,snidel官方旗舰店,
拉夏贝尔碎花连衣裙女秋冬季百搭新款中长款雪纺黑色长袖裙子潮,299.00,江苏 苏州,6人付款,拉夏贝尔官方旗舰,
伊芙丽2019秋装新款韩版时尚修身长袖连衣裙女1A7990211,359.00,浙江 杭州,8人付款,伊芙丽旗舰店,
2019年新款秋冬中年女装针织连衣裙过膝中长款气质打底毛衣裙宽松,298.00,浙江 嘉兴,214人付款,郎尼拉芙旗舰店,
MANGO女装连衣裙2019秋冬新款飘逸面料混合元素方领长袖连衣裙,559.00,上海,2人付款,mango旗舰店,
5件7折 欧时力2019冬装不规则荷叶边雪纺连衣裙套装女1GC408C160,899.00,广东 广州,7人付款,ochirly官方旗舰店,
茗思小香风粗花呢连衣裙女秋冬2019新款名媛气质高腰显瘦流行裙子,439.00,广东 深圳,171人付款,茗思旗舰店,
Vero Moda2020春季新款小香风粗花呢网纱拼接连衣裙|320161502,699.00,天津,2人付款,veromoda官方旗舰店,
DAZZLE地素 2019冬装新款青春活泼水洗牛仔背带连衣裙女2G4O7011S,1499.00,上海,1人付款,dazzle官方旗舰店,
YINER音儿女装2019冬季新款花边娃娃领纽扣装饰灯笼袖提花连衣裙,1680.00,广东 深圳,1人付款,音儿官方旗舰店,
很仙的针织连衣裙女中长款2019秋季新款韩版时尚宽松气质打底裙子,329.00,浙江 杭州,13人付款,puella官方旗舰店,
条纹五分袖连衣裙女2019秋新款韩版学生显瘦气质v领中长款裙子仙,469.00,浙江 杭州,2人付款,puella官方旗舰店,
伊芙丽裙子女2019新款夏季流行法式复古裙高腰a字裙v领碎花连衣裙,439.00,浙江 杭州,4人付款,伊芙丽旗舰店,
娜尔思重磅真丝连衣裙 桑蚕丝大牌2019春夏新款短袖v领高腰裙子女,1999.00,广东 深圳,1人付款,naersi旗舰店,
PORTS宝姿新品女装优雅复古绑带蚕丝连衣裙LA9D005DWT004,5169.00,福建 厦门,1人付款,ports宝姿旗舰店,
娜尔思纯色针织连衣裙女2019夏季新款微透镂空直筒过膝妈妈中长裙,899.00,广东 深圳,2人付款,naersi旗舰店,
法式复古针织裙子女装2019春秋季新款很仙的中长款过膝蕾丝连衣裙,699.00,浙江 杭州,10人付款,puella官方旗舰店,
茵曼法式纯棉提花蕾丝花边V领文艺淑女气质收腰显瘦连衣裙女中裙,299.00,广东 佛山,8人付款,茵曼旗舰店,
Peoleo飘蕾2019秋季新款拼接网纱气质修身女神范连衣裙小黑裙长款,249.00,浙江 温州,11人付款,peoleo飘蕾旗舰店,
AIVEI欣贺艾薇2019冬新蕾丝V领粗花呢荷叶边背带连衣裙L0660033,1049.00,福建 厦门,2人付款,aivei官方旗舰店,
商场同款诗凡黎冬季新款韩版中长款宽松针织连衣裙318A293401,239.00,浙江 杭州,10人付款,诗凡黎官方旗舰店,
5件7折 欧时力2019秋冬装法式仙女裙中长丝绒连衣裙女1GZ3080640,1090.00,广东 广州,6人付款,ochirly官方旗舰店,
伊芙丽裙子女2019新款夏季流行中长款高腰气质短袖v领蕾丝连衣裙,499.00,浙江 杭州,2人付款,伊芙丽旗舰店,
SELECTED思莱德女士潮流休闲纯色V领五分袖针织连衣裙S|418346506,699.00,天津,7人付款,selected官方旗舰店,
三彩2019夏季新款荷叶边很仙的法国小众连衣裙雪纺桔梗长裙女,348.00,浙江 杭州,2人付款,三彩官方旗舰店,
Marisfrolg玛丝菲尔红色连衣裙女2019夏季新款宽松显瘦中长款裙子,1608.00,广东 深圳,0人付款,marisfrolg官方旗舰店,
艾米恋无袖针织连衣裙女秋季纯色背心裙中长款a字裙V领背带裙冬,99.00,广东 汕头,15人付款,艾米恋旗舰店,
连衣裙伊芙丽2019新款春装女装小香风法式复古裙内搭黑色裙子,399.00,浙江 杭州,0人付款,伊芙丽旗舰店,
魅斑2017夏季新款淑女小香风连衣裙修身显瘦名媛中长款中袖A字裙,589.00,浙江 杭州,1人付款,魅斑服饰旗舰店,
拉夏贝尔长袖蕾丝百褶蛋糕裙2019秋冬季新款女装中长款波点连衣裙,799.00,江苏 苏州,3人付款,拉夏贝尔官方旗舰,
娜尔思女装针织拼接连衣裙2019春装新款v领修身显瘦短袖中长裙女,1699.00,广东 深圳,1人付款,naersi旗舰店,
商场同款DOUBLOVE贝爱2019秋装新款荷叶边拼接收腰百褶网纱连衣裙,3699.00,浙江 嘉兴,1人付款,doublelove旗舰店,
娜尔思雪纺衬衫裙女2019夏季新款宽松大码两件套薄款微透中长裙,969.00,广东 深圳,0人付款,naersi旗舰店,
法国小众连衣裙2019春夏新款韩版气质淑女中长款A字裙V领打底裙子,329.00,浙江 杭州,6人付款,puella官方旗舰店,
CacheCache小香风连衣裙2019新款夏小清新编织雪纺智熏裙法式裙子,168.90,上海,9人付款,cachecache旗舰店,
DAZZLE地素 春夏新款立领绑带针织拼接碎花a版连衣裙女2G1O6036T,1268.00,上海,1人付款,dazzle官方旗舰店,
MANGO女装连衣裙2019秋冬新款印花设计褶皱细节过膝短袖连衣裙,399.00,上海,7人付款,mango旗舰店,
娜尔思针织连衣裙2019夏装新款圆领短袖遮肚拼接印花雪纺中长裙女,1369.00,广东 深圳,1人付款,naersi旗舰店,
【清仓】茵曼文艺优雅半高领喇叭袖系带纯色针织连衣裙女中长款,79.00,广东 佛山,26人付款,茵曼outlets店,
【清仓】茵曼文艺复古系带领立领碎花丝绒吊带假两件连衣裙女拼接,99.00,广东 佛山,23人付款,茵曼outlets店,
SongofSong歌中歌优雅轻奢黑色修身气场及脚踝长裙礼服裙连衣裙,7557.00,广东 深圳,0人付款,songofsong官方旗舰店,
PORTS宝姿2019新品女装优雅V领中袖撞料拼接连衣裙LN8D189HFB010,6299.00,福建 厦门,0人付款,ports宝姿旗舰店,
C＆A法式小众收腰吊带裙女士秋冬款纽扣条纹连衣裙CA200219902,129.00,上海,21人付款,ca官方旗舰店,
商场同款诗凡黎秋新中长款拼接连衣裙3187199004-H,319.00,浙江 杭州,4人付款,诗凡黎官方旗舰店,
谜秀针织连衣裙女2019秋装新款韩版修身撞色百搭小个子休闲裙子潮,148.00,广东 广州,8人付款,谜秀旗舰店,
商场同款DOUBLOVE贝爱2019早秋新款浪漫印花百褶荷叶连衣裙,2499.00,浙江 嘉兴,1人付款,doublelove旗舰店,
CacheCache春新款中长款毛衣裙清新蕾丝拼接针织高领内搭连衣裙女,194.90,上海,5人付款,cachecache旗舰店,
伊芙丽2019夏装新款韩版中长款裙子高腰雪纺V领短袖碎花连衣裙女,359.00,浙江 杭州,4人付款,伊芙丽旗舰店,
MANGO女装裙子2019秋冬新款圆点花边袖口系蝴蝶结长款V领连衣裙,699.00,上海,2人付款,mango旗舰店,
CacheCache2018秋冬新款ins超火两件套紫色连衣裙针织衫连衣裙女,199.90,上海,12人付款,cachecache旗舰店,
【商场同款】太平鸟女装冬装2019新款印花系带连衣裙女A1FA94A03,899.00,浙江 宁波,1人付款,太平鸟官方旗舰店,
商场同款诗篇女装2019春季圆领波点荷叶边褶边连衣裙6C39105340,1339.00,广东 深圳,1人付款,诗篇官方旗舰店,
影儿诗篇秋季女装2019新款淑女修身法式气质仙女收腰A字裙连衣裙,890.00,广东 深圳,2人付款,诗篇官方旗舰店,
娜尔思女装连衣裙2019秋季新款时尚收腰修身v领七分袖气质中长裙,1959.00,广东 深圳,1人付款,naersi旗舰店,
sdeer圣迪奥时尚圆领撞色字母不规则摆假两件拼接衬衫裙S19181211,239.00,江苏 南京,5人付款,sdeer旗舰店,
长袖系带雪纺连衣裙女装秋冬2019新款韩版气质小清新两件套裙子仙,699.00,浙江 杭州,2人付款,puella官方旗舰店,
ELAND秋原宿风撞色V领拼接花边无袖针织连衣裙EEOK88901I,798.00,上海,4人付款,eland官方旗舰店,
恩曼琳19夏镂空蕾丝拼接露肩高腰显瘦A字裙修身连衣裙EAN9BA07,669.00,福建 厦门,2人付款,anmani恩曼琳官方旗舰店,
CacheCache2018秋新款学院风时尚连帽长袖长款黑色冬裙连衣裙女,149.90,上海,16人付款,cachecache旗舰店,
DOUBLOVE贝爱女装秋冬新款可拆木耳领收腰长袖连衣裙,1049.00,浙江 嘉兴,2人付款,doublelove旗舰店,
URLAZH有兰2019新款春秋圆领夹花空气层开叉下摆流行厌世丧系裙子,839.00,上海,3人付款,urlazh有兰旗舰店,
sdeer圣迪奥秋装流苏高腰绣花亚麻桑蚕丝长袖连衣裙S17181288,159.00,江苏 南京,13人付款,sdeer旗舰店,
娜尔思印花真丝连衣裙2019夏款碎花薄度假妈妈桑蚕丝中长裙女,799.00,广东 深圳,1人付款,naersi旗舰店,
卓雅2019冬季新款国内正品代购蕾丝网纱钩花蝴蝶结连衣裙L8600701,780.00,上海,74人付款,喔喔里本科,
恩曼琳19秋冬新翻领落肩长袖修身收腰A字衬衫连衣裙女EAN9CG67,919.00,福建 厦门,2人付款,anmani恩曼琳官方旗舰店,
卓雅春季新款优雅V领不规则裙摆气质印花连衣裙K1002601,5280.00,福建 厦门,0人付款,jorya官方旗舰店,
CacheCache2019春装新款超仙两件套连衣裙法国小众蕾丝网纱裙女,259.90,上海,6人付款,cachecache旗舰店,
TeenieWeenie小熊女中长款裙装简约时尚背带裙刺绣纯色连衣裙女,439.00,上海,4人付款,teenieweenie官方旗舰店,
魅斑2019新款夏装短袖圆领修身连衣裙中长款简约淑女气质A字裙,539.00,浙江 杭州,0人付款,魅斑服饰旗舰店,
AIVEI欣贺艾薇2019新款复古宫廷风呢料背带连衣裙L0160044,759.00,福建 厦门,1人付款,aivei官方旗舰店,
娜尔思女装蓝色连衣裙2019春季新款时尚雪纺长袖中长款蕾丝连衣裙,1429.00,广东 深圳,1人付款,naersi旗舰店,
URLAZH有兰圆领时尚千鸟格复古风潮连衣裙2019新款夏流行裙子,1099.00,上海,0人付款,urlazh有兰旗舰店,
恩曼琳19春秋新木耳边系带荷叶喇叭袖植物印花雪纺连衣裙EAN9AA78,799.00,福建 厦门,1人付款,anmani恩曼琳官方旗舰店,
女装过膝裙子2019春季新款小清新很仙的两件套中长款雪纺连衣裙夏,599.00,浙江 杭州,1人付款,puella官方旗舰店,
AIVEI欣贺艾薇2019新蝴蝶结系带高腰显气质连衣裙L0360076,969.00,福建 厦门,2人付款,aivei官方旗舰店,
ELAND衣恋秋季时尚简约淑女圆领碎花连衣裙EEOW83753M,898.00,上海,1人付款,eland官方旗舰店,
DOUBLOVE贝爱女装秋冬新款V领含羊毛格纹背带连衣裙,849.00,浙江 嘉兴,1人付款,doublelove旗舰店,
CacheCache吊带连衣裙2019新款夏智熏裙法式裙子学院风套装两件套,199.90,上海,4人付款,cachecache旗舰店,
CacheCache法国小众两件套2019新款学生法式羊毛混纺波点连衣裙子,194.90,上海,7人付款,cachecache旗舰店,
玛丝菲尔真丝连衣裙女装2019新款夏季宽松V领中长款碎花无袖裙子,2208.00,广东 深圳,0人付款,marisfrolg官方旗舰店,
娜尔思条纹连衣裙2019夏装新款木耳边修身短袖v领波点印花中长裙,1139.00,广东 深圳,0人付款,naersi旗舰店,
假两件连衣裙女拉夏贝尔2019秋冬装新款时尚流行碎花针织毛衣裙子,369.00,浙江 杭州,2人付款,lababite官方旗舰店,
JEFEN/吉芬连衣裙女春季新款中长款修身红色连衣裙女746022,1649.00,河北 廊坊,1人付款,吉芬官方旗舰店,
PORTS宝姿秋季新品女装撞色拼接鱼尾裙摆连衣裙LA9D054KWB008,3669.00,福建 厦门,0人付款,ports宝姿旗舰店,
妖精的口袋2019春季新款修身显瘦v领长袖收腰套头连衣裙短裙子女,139.80,江苏 南京,6人付款,妖精的口袋旗舰店,
伊芙丽时尚职业通勤收腰连衣裙,199.00,浙江 杭州,1人付款,伊芙丽旗舰店,
MANGO女装连衣裙2019秋冬新款飘逸面料褶皱细节短款V领连衣裙,199.00,上海,2人付款,mango旗舰店,
商场同款诗篇春季2019雪纺印花高腰修身灯笼袖连衣裙6C39105010,2663.00,广东 深圳,0人付款,诗篇官方旗舰店,
恩曼琳19夏V领蝴蝶结系带度假印花雪纺收腰中长A字连衣裙EAN9BA60,829.00,福建 厦门,1人付款,anmani恩曼琳官方旗舰店,
sdeer圣迪奥女装圆领黑白条纹字母胶印不规则背心连衣裙S19481219,1099.00,江苏 南京,1人付款,sdeer旗舰店,
JEFEN/吉芬女装秋装2019新款蓝色中长款裙子长袖复古连衣裙720155,1079.00,河北 廊坊,1人付款,吉芬官方旗舰店,
PORTS宝姿连衣裙2019女装新品蕾丝连衣裙收腰ALN8D015HLO019,2399.00,福建 厦门,1人付款,ports宝姿旗舰店,
2019新款春装长袖淑女气质蕾丝连衣裙女中长款欧美时尚宽松A字裙,559.00,浙江 杭州,2人付款,魅斑服饰旗舰店,
针织连衣裙女2019新款秋冬季加长款毛衣裙过膝加厚打底内搭冬裙子,168.00,广东 广州,596人付款,裳欧颐旗舰店,
秋装2019款女冷系女装长袖打底裙 A字毛呢连衣裙秋冬女人味气质,169.00,广东 东莞,476人付款,芳香之城旗舰店,
商场同款诗篇2019春季飘带领高腰五星波点宽松连衣裙6C39105320,1162.00,广东 深圳,0人付款,诗篇官方旗舰店,
MECITY女装无袖V领系腰带气质中长款修身初恋连衣裙,699.00,上海,4人付款,mecity女装旗舰店,
MECITY女装文艺小清新腰部抽绳系带连衣裙,749.00,上海,1人付款,mecity女装旗舰店,
AIVEI欣贺艾薇20新品印花五分荷叶袖雪纺连衣裙K0360045,919.00,福建 厦门,0人付款,aivei官方旗舰店,
AIVEI欣贺艾薇优雅圆领修身长袖连衣裙女秋冬新J0660141,709.00,福建 厦门,1人付款,aivei官方旗舰店,
【清仓】茵曼2018夏装新款V领印花碎花收腰显瘦A字中袖连衣裙女,89.00,广东 佛山,7人付款,茵曼outlets店,
JEFEN/吉芬秋装2019年新款纯色裙子女九分袖中长款连衣裙722160,999.00,河北 廊坊,0人付款,吉芬官方旗舰店,
影儿十二篮19冬新款透气棉明亮柠檬黄休闲撞色运动连衣裙女,912.00,广东 深圳,0人付款,xiibasket官方旗舰店,
Hazzys哈吉斯韩版新款春季纯色修身女装淑女气质V领连衣裙潮流,2392.00,上海,1人付款,hazzys官方旗舰店,
碎花雪纺连衣裙春女2019新款印花V领收腰小清新度假连体裙太平鸟,249.90,浙江 宁波,2人付款,太平鸟官方旗舰店,
影儿十二篮夏白色清爽旅游出行翻领淑女小众连衣裙女,792.00,广东 深圳,1人付款,xiibasket官方旗舰店,
Koradior elsewhere/珂思品牌女装2019新款秋季红色连衣裙女,557.00,广东 深圳,0人付款,珂思旗舰店,
JEFEN/吉芬夏季商场同款醋纤垂感圆领短袖中长款连衣裙732502,989.00,河北 廊坊,1人付款,吉芬官方旗舰店,
Ports/宝姿春夏新款Peplum中袖中长连衣裙LW9D139NWB002,1399.00,福建 厦门,0人付款,ports宝姿旗舰店,
PORTS宝姿女装春夏新品撞料拼接连衣裙LW8D208YFQ012,1719.00,福建 厦门,0人付款,ports宝姿旗舰店,
影儿十二篮19冬新款色织细格纹撞色圆领精致绣章收腰休闲连衣裙女,1340.00,广东 深圳,0人付款,xiibasket官方旗舰店,
达衣岩Donoratico2019夏波西米亚度假长裙复古文艺吊带连衣裙,1169.00,广东 广州,2人付款,donoratico达衣岩旗舰店,
娇鼎a字连衣裙女收腰显瘦气质v领长袖针织中长款宽松褶皱高腰秋冬,399.99,天津,155人付款,娇鼎旗舰店,
波点连衣裙 香影2019秋装新款复古收腰中长v领裙子显瘦红色雪纺裙,259.00,浙江 杭州,0人付款,香影官方旗舰店,
钱夫人抽绳修身短袖小个子连衣裙女2019新款夏t恤裙荷叶边短裙子,188.00,浙江 杭州,2人付款,钱夫人旗舰店,
URLAZH有兰2019秋冬新款时尚罗马连衣裙领口系带打底衫气质套装裙,1629.00,上海,1人付款,urlazh有兰旗舰店,
冬装女2019新款成熟风女装法式修身娃娃领加绒蕾丝连衣裙女秋冬季,188.00,广东 东莞,424人付款,芳香之城旗舰店,
【门店发货】森马2019秋新款V领条纹五分袖连衣裙女显瘦裙有内衬,259.00,浙江 杭州,2人付款,森马官方旗舰店,
CacheCache连衣裙2019新款夏法式假两件中长款喇叭袖拼接蕾丝裙,149.90,上海,3人付款,cachecache旗舰店,
谜秀气质连衣裙女2019秋装新款韩版显瘦轻熟小黑裙西装外套裙子潮,168.00,广东 广州,5人付款,谜秀旗舰店,
秋装女2019新款网纱拼接收腰包臀一步裙纯色V领长袖连衣裙潮7690,456.00,广东 深圳,133人付款,zx卓芯旗舰店,
v领雪纺碎花连衣裙2019新款夏季女装小个子a字短裙子仙女超仙森系,199.00,浙江 杭州,3人付款,lababite官方旗舰店,
影儿十二篮秋装2019年新款女高级天鹅金丝绒潮流撞色宽松连衣裙,592.00,广东 深圳,1人付款,xiibasket官方旗舰店,
初秋连衣裙长裙显瘦显高智熏裙法式桔梗裙气质裙子仙女超仙森系,159.00,湖南 长沙,715人付款,叮咚vv,
Hazzys哈吉斯polo领连衣裙夏修身中长裙2019春秋新款气质淑女女装,774.00,上海,1人付款,hazzys官方旗舰店,
丹慕妮尔拼接针织连衣裙女秋冬2019年新款假两件显瘦流行毛衣裙子,398.00,广东 深圳,208人付款,丹慕妮尔旗舰店,
5件7折 欧时力2019秋装V领绑带撞色拼接牛仔连衣裙女1GY2087190,999.00,广东 广州,20人付款,ochirly官方旗舰店,
小香风2019初秋冬季新款女装潮两件套装泫雅连衣裙子女高冷御姐风,198.00,广东 深圳,332人付款,卡姿珊旗舰店,
蓝色倾情2019秋冬新款 黑色翻领丝绒连衣裙收腰显瘦气质淑女裙子,279.00,浙江 杭州,158人付款,蓝色倾情旗舰店,
PRICH气质女神范衣服秋冬长裙女慵懒风连衣裙PROK84932M,590.00,上海,15人付款,prich官方旗舰店,
三彩2019秋冬季新款娃娃领蕾丝公主裙子打底修身法式中长连衣裙女,398.00,浙江 杭州,77人付款,三彩官方旗舰店,
A21秋冬季新款2019女装毛衣针织连衣裙 秋装打底长裙气质长袖裙子,369.00,广东 东莞,119人付款,a21官方旗舰店,
A21秋冬季新款2019女装半高领毛衣裙 长袖中长款连衣裙秋装黑裙子,349.00,广东 东莞,121人付款,a21官方旗舰店,
罗衣优雅大摆连衣裙2019秋装新款拼接网纱修身系带假两件裙00509,425.70,广东 佛山,98人付款,roeyshouse旗舰店,
秋季小香风连衣裙女装2019新款秋冬V领裙子气质女神范衣服礼服裙,188.00,广东 深圳,154人付款,unenow旗舰店,
秋装女2019新款长袖黑色金丝绒连衣裙中长款收腰时尚立领钉珠裙子,398.00,广东 深圳,85人付款,舒姿菲旗舰店,
乐町网纱连衣裙秋季女装2019新款气质网纱连衣裙收腰洋气淑女裙,269.90,浙江 宁波,196人付款,乐町官方旗舰店,
毛衣针织连衣裙秋冬女装2019新款潮长款过膝打底内搭配大衣的裙子,159.00,广东 深圳,2330人付款,百诗哲旗舰店,
菲西娅2019秋冬新款女装高领格子针织连衣裙长款过膝毛衣裙子长裙,358.00,广东 深圳,186人付款,菲西娅女装旗舰店,
HM 女装裙子女 2019新款显瘦气质淑女成熟纹理梭织连衣裙0796059,329.00,江苏 苏州,22人付款,hm官方旗舰店,
毛呢连衣裙背心裙初秋冬款背带裙打底显瘦洋气马甲裙套装女两件套,248.00,广东 惠州,495人付款,粤驰旗舰店,
hopeshow连衣裙女商场同款红袖夏装2019款女装小个子格纹背带裙女,719.00,浙江 杭州,5人付款,红袖官方旗舰店,
商场同款奥丽嘉朵2018冬季新款湖蓝丝绒束腰镶钻连衣裙1C38305780,6980.00,广东 深圳,0人付款,obbligato旗舰店,
罗衣原创连衣裙女2018秋冬新款黑色高领修身弹力针织打底长裙6419,388.00,广东 佛山,85人付款,roeyshouse旗舰店,
YINER音儿2018夏季新款时尚莫兰迪色系H型蕾丝连衣裙,1904.00,广东 深圳,0人付款,音儿官方旗舰店,
YINER音儿2018春季新款优雅印花系带无袖修身连衣裙,903.00,广东 深圳,1人付款,音儿官方旗舰店,
珂莱蒂尔雪纺连衣裙2019秋季新款系带碎花蕾丝喇叭袖薄款仙女裙子,1098.00,江西 赣州,3人付款,珂莱蒂尔旗舰店,
珂莱蒂尔2019女秋冬季新款时尚假两件拼接修身长袖优雅连衣裙,1498.00,江西 赣州,10人付款,珂莱蒂尔旗舰店,
SCOFIELD女装2019秋冬新款圆领拼接A字羊毛连衣裙SFOW94T06Q,1980.00,上海,1人付款,scofield女装官方旗舰店,
SCOFIELD女装2019秋冬新款双排扣职场V领气质连衣裙SFOW94902M,2180.00,上海,2人付款,scofield女装官方旗舰店,
JUZUI/玖姿官方旗舰店2019秋季新款木耳边网纱印花中长连衣裙女,837.00,浙江 嘉兴,12人付款,玖姿官方旗舰店,
JUZUI/玖姿官方旗舰店2019秋季新款蕾丝立领衬衫裙女中长连衣裙,1398.00,浙江 嘉兴,6人付款,玖姿官方旗舰店,
Miss Sixty2019新款印花破洞收腰高腰牛仔裙连衣裙女,1990.00,广东 广州,3人付款,misssixty官方旗舰店,
Miss Sixty2019新款V领露背仙女裙chic白色蕾丝连衣裙女,1393.00,广东 广州,4人付款,misssixty官方旗舰店,
秋水伊人连衣裙2019秋冬新款女装长袖法式显瘦中长款气质针织裙子,359.00,浙江 杭州,118人付款,秋水伊人官方旗舰店,
秋水伊人高冷御姐风成熟连衣裙女秋冬2019新款收腰显瘦气质打底裙,399.00,浙江 杭州,282人付款,秋水伊人官方旗舰店,
SongofSong歌中歌春夏优雅紫色旗袍修身礼服提花钉珠包臀连衣裙,9610.00,广东 深圳,1人付款,songofsong官方旗舰店,
可可尼商场同款2019秋冬新款女装时尚亮珠短袖毛边翻领连衣裙子女,1559.00,浙江 杭州,2人付款,cocoon官方旗舰店,
SongofSong歌中歌春夏黑白拼接修身高腰显瘦过膝中长赫本风连衣裙,6393.00,广东 深圳,0人付款,songofsong官方旗舰店,
miss COCOON2019秋冬新款女装优雅网纱亮珠吊带小个子mm连衣裙子,1099.00,浙江 杭州,9人付款,cocoon官方旗舰店,
Vero Moda2019秋冬新款荷叶边露肩短袖高腰针织连衣裙|319446510,749.00,天津,23人付款,veromoda官方旗舰店,
海青蓝秋冬红色裙子2019新款修身显瘦气质女神范红色连衣裙16408,368.00,广东 深圳,6人付款,海青蓝旗舰店,
海青蓝休闲中长裙2019秋季新款长袖宽松时尚淑女针织连衣裙15452,378.00,广东 深圳,5人付款,海青蓝旗舰店,
Vero Moda2019春季新款后领系带裙摆混纺假两件连衣裙|31917C532,999.00,天津,0人付款,veromoda官方旗舰店,
香影小香风针织连衣裙女秋冬打底2019新款红色毛衣裙子修身中长款,379.00,浙江 杭州,6人付款,香影官方旗舰店,
丹慕妮尔裙子女假两件秋装2019年新款法式减龄收腰显瘦气质连衣裙,388.00,广东 深圳,203人付款,丹慕妮尔旗舰店,
丹慕妮尔金丝绒连衣裙女秋装2019新款高端洋气小香风显瘦气质裙子,398.00,广东 深圳,141人付款,丹慕妮尔旗舰店,
5件7折 欧时力2019新款秋装拼披肩蕾丝无袖连衣裙女1ZH3083980,1590.00,广东 广州,2人付款,ochirly官方旗舰店,
5件7折 欧时力2019新款秋装桑蚕丝七分袖连衣裙女1ZH3085060,1290.00,广东 广州,1人付款,ochirly官方旗舰店,
ELAND2019秋季新款淑女风V领收腰显瘦碎花长袖连衣裙女EEOW988Q2I,998.00,上海,18人付款,eland官方旗舰店,
秋装女2019新款长袖黑色金丝绒连衣裙中长款时尚气质高领收腰裙子,398.00,广东 深圳,126人付款,舒姿菲旗舰店,
不参与多件折 欧时力2019新款冬装假两件毛织连衣裙女1ZY4031360,1090.00,广东 广州,21人付款,ochirly官方旗舰店,
菲西娅2019秋冬新款女装高领格子针织连衣裙长款过膝毛衣裙子长裙,358.00,广东 深圳,186人付款,菲西娅女装旗舰店,
恩曼琳19秋冬新通勤荷叶边翻领收腰长袖OL西装连衣裙女EAN9CB29,999.00,福建 厦门,9人付款,anmani恩曼琳官方旗舰店,
ONE MORE2019秋季新款木耳边收腰连衣裙甜美法式蕾丝裙时尚裙子女,739.00,浙江 宁波,56人付款,onemore官方旗舰店,
ONE MORE2019秋冬新款衬衫式连衣裙法式气质设计感中长款裙子女士,899.00,浙江 宁波,65人付款,onemore官方旗舰店,
SUSSI/古色冬季新品凤舞盛世绿色丝绒蕾丝绣花高领连衣裙28471411,2980.00,广东 广州,4人付款,sussi古色旗舰店,
AIVEI欣贺艾薇2019秋冬新收腰不规则裙摆粗花呢连衣裙L0560066,1099.00,福建 厦门,2人付款,aivei官方旗舰店,
罗衣黑色淑女连衣裙2019秋冬新款知性弹力修身大摆针织长裙00811,385.70,广东 佛山,92人付款,roeyshouse旗舰店,
秋冬连衣裙女2019新款长袖气质淑女貂绒韩版中长款显瘦高领打底裙,589.00,福建 厦门,226人付款,精品代购折扣店铺,
sdeer圣迪奥字母装饰面料拼接开衩下摆设计连帽连衣裙S18481246,499.00,江苏 南京,10人付款,sdeer旗舰店,
卫衣连衣裙女针织长袖套头打底裙迪赛尼斯羊毛中长裙2019新款过膝,569.00,浙江 杭州,0人付款,迪赛尼斯官方旗舰店,
三彩2019夏季新款法国小众网纱蛋糕裙无袖很仙的背心连衣裙女,198.00,浙江 杭州,11人付款,三彩官方旗舰店,
毛呢连衣裙背心裙初秋冬款背带裙打底显瘦洋气马甲裙套装女两件套,248.00,广东 惠州,495人付款,粤驰旗舰店,
dzzit地素 2019冬专柜新款透明涂鸦风网纱蕾丝连衣裙女3G4O6187A,1990.00,上海,0人付款,dzzit官方旗舰店,
复古民族风改良旗袍连衣裙女秋冬2019新款气质高端贵夫人收腰长裙,369.00,广东 中山,198人付款,狐婷旗舰店,
DAZZLE地素 2019秋装新款优雅舒适轻薄绣花蕾丝连衣裙女2G3O6137J,2899.00,上海,1人付款,dazzle官方旗舰店,
打底针织连衣裙子2019新款娃娃领秋冬季中长款过膝毛衣裙超仙女装,198.00,广东 深圳,1028人付款,niat旗舰店,
小香风2019初秋冬季新款女装潮两件套装泫雅连衣裙子女高冷御姐风,198.00,广东 深圳,332人付款,卡姿珊旗舰店,
香影小香风针织连衣裙女秋冬打底2019新款红色毛衣裙子修身中长款,379.00,浙江 杭州,6人付款,香影官方旗舰店,
贵夫人长袖连衣裙高端洋气秋冬内搭红色打底裙子妈妈女式春秋长裙,299.00,广东 广州,107人付款,易美初旗舰店,
【加购有礼】拉珂蒂长袖小礼服宴会气质名媛撞色连衣裙2019秋新款,3239.00,广东 深圳,0人付款,lakoradior旗舰店,
针织连帽连衣裙女迪赛尼斯2019秋季新款撞色字母休闲宽松中长裙子,599.00,浙江 杭州,7人付款,迪赛尼斯官方旗舰店,
DAZZLE地素 2019秋装新款淑女字母印花蛋糕雪纺连衣裙女2G3O6016A,2199.00,上海,0人付款,dazzle官方旗舰店,
薇羽 2019年秋季新款V领连衣裙收腰显瘦气质裙子小个子穿搭仙女裙,299.00,浙江 杭州,206人付款,isabufei衣纱布菲旗舰店,
雾霾蓝针织连衣裙女秋冬2019新款麻花毛衣裙长款过膝羊毛裙修身裙,489.00,广东 深圳,54人付款,欧莉瑾服饰旗舰店,
PRICH气质淑女风优雅束腰显瘦纯色中腰女士连衣裙PROW88905N,499.00,上海,5人付款,prich官方旗舰店,
预售-女装2019冬季新款时尚明线装饰POLO领系带收腰连衣裙,1728.00,广东 深圳,3人付款,音儿官方旗舰店,
YINER音儿 冬季新款 时尚侧条纹连帽羊毛呢连衣裙8C37505470,1677.00,广东 深圳,0人付款,音儿官方旗舰店,
珂莱蒂尔2019年女秋冬新款长袖纯色舒适中长款针织羊毛连衣裙子,1848.00,江西 赣州,4人付款,珂莱蒂尔旗舰店,
珂莱蒂尔2019女秋冬新款高腰半身裙职业休闲修身格纹百搭连衣裙子,1318.00,江西 赣州,4人付款,珂莱蒂尔旗舰店,
SCOFIELD女装2019秋冬新款圆领拼接A字羊毛连衣裙SFOW94T06Q,1980.00,上海,1人付款,scofield女装官方旗舰店,
SCOFIELD女装2019冬季新款锁链纹印花蝴蝶结立领连衣裙SFOW949050,2780.00,上海,0人付款,scofield女装官方旗舰店,
JUZUI/玖姿官方旗舰店2019新款黑色蕾丝绣花中长连衣裙女收腰显瘦,1806.00,浙江 嘉兴,0人付款,玖姿官方旗舰店,
Miss Sixty2019新款纯棉收腰复古短裙子长袖牛仔连衣裙女,1095.00,广东 广州,3人付款,misssixty官方旗舰店,
Miss Sixty冬季波点层叠蛋糕裙短裙子黑色网纱连衣裙女,2690.00,广东 广州,0人付款,misssixty官方旗舰店,
SongofSong歌中歌羊毛V领黑红色拼接蕾丝修身礼服连衣裙,6509.00,广东 深圳,0人付款,songofsong官方旗舰店,
SongofSong歌中歌春夏黑白拼接修身高腰显瘦过膝中长赫本风连衣裙,6393.00,广东 深圳,0人付款,songofsong官方旗舰店,
JUZUI/玖姿官方旗舰店2019秋季新款飘带翻领蕾丝绣花中长连衣裙女,1316.00,浙江 嘉兴,2人付款,玖姿官方旗舰店,
天猫预售秋水伊人连衣裙冬装2019新款女装木耳边小立领勾花中长裙,359.00,浙江 杭州,3人付款,秋水伊人官方旗舰店,
秋水伊人连衣裙冬装2019年新款女装甜美撞色木耳边毛衣裙子女,379.00,浙江 杭州,95人付款,秋水伊人官方旗舰店,
可可尼商场同款冬装新品女装半高领蕾丝拼接袖修身100%羊毛连衣裙,889.00,浙江 杭州,0人付款,cocoon官方旗舰店,
miss COCOON2019秋冬新款女装文艺复古撞色格纹A字无袖短款连衣裙,1199.00,浙江 杭州,8人付款,cocoon官方旗舰店,
海青蓝秋冬装黑色长裙2019新款收腰气质优雅名媛条纹连衣裙20687,388.00,广东 深圳,5人付款,海青蓝旗舰店,
Vero Moda2019秋季新款仙女风针织拼接网纱连衣裙女|319346507,849.00,天津,24人付款,veromoda官方旗舰店,
海青蓝秋冬装针织裙2019新款v领收腰气质成熟拼色淑女连衣裙15896,358.00,广东 深圳,10人付款,海青蓝旗舰店,
丹慕妮尔裙子秋冬2019年新款高冷系女装35一45连衣裙成熟气质长袖,398.00,广东 深圳,86人付款,丹慕妮尔旗舰店,
Vero Moda2019秋冬新款微弹面料门襟纽扣花苞袖连衣裙|31937C501,699.00,天津,42人付款,veromoda官方旗舰店,
不参与多件折 欧时力2019新款冬装假两件毛织连衣裙女1ZY4031360,1090.00,广东 广州,21人付款,ochirly官方旗舰店,
ONE MORE2019秋季新款木耳边收腰连衣裙甜美法式蕾丝裙时尚裙子女,739.00,浙江 宁波,56人付款,onemore官方旗舰店,
ONE MORE2019秋冬新款开叉连衣裙时尚复古法式气质长款收腰裙子女,729.00,浙江 宁波,13人付款,onemore官方旗舰店,
5件7折 欧时力2019秋装v领排扣开襟配腰带印花连衣裙女1GY3089990,1490.00,广东 广州,0人付款,ochirly官方旗舰店,
dzzit地素 2019秋专柜新款淑女千层蕾丝绣花连衣裙女3G3O5067K,1590.00,上海,0人付款,dzzit官方旗舰店,
AINUOER.MY2019秋冬新款荷叶边网纱拼接气质收腰连帽卫衣裙连衣裙,359.00,广东 惠州,180人付款,ainuoermy旗舰店,
丹慕妮尔收腰显瘦连衣裙女秋冬2019新款法式复古气质打底拼接裙子,388.00,广东 深圳,95人付款,丹慕妮尔旗舰店,
2019年新款秋冬中年女装针织连衣裙过膝中长款气质打底毛衣裙宽松,298.00,浙江 嘉兴,214人付款,郎尼拉芙旗舰店,
秋冬连衣裙女2019新款长袖气质淑女貂绒韩版中长款显瘦高领打底裙,589.00,福建 厦门,226人付款,精品代购折扣店铺,
【加购有礼】拉珂蒂长袖小礼服宴会气质名媛撞色连衣裙2019秋新款,3239.00,广东 深圳,0人付款,lakoradior旗舰店,
雾霾蓝针织连衣裙女秋冬2019新款麻花毛衣裙长款过膝羊毛裙修身裙,489.00,广东 深圳,54人付款,欧莉瑾服饰旗舰店,
DAZZLE地素 2019秋装新款淑女字母印花蛋糕雪纺连衣裙女2G3O6016A,2199.00,上海,0人付款,dazzle官方旗舰店,
PORTS宝姿秋季新品女装撞色拼接鱼尾裙摆连衣裙LA9D054KWB008,3669.00,福建 厦门,0人付款,ports宝姿旗舰店,
PRICH气质淑女风优雅束腰显瘦纯色中腰女士连衣裙PROW88905N,499.00,上海,5人付款,prich官方旗舰店,
MANGO女装连衣裙2019秋冬新款弹力棱纹针织金属线长袖连衣裙,559.00,上海,8人付款,mango旗舰店,
恩灵女装黑色拼接薄纱长袖连衣裙2019秋冬新款显瘦不规则裙子女,799.00,广东 深圳,7人付款,naersiling旗舰店,
太平鸟雪纺碎花连衣裙夏装2019新款海军领系带法式过膝甜美仙女裙,499.90,浙江 宁波,13人付款,太平鸟官方旗舰店,
【双11预售】香影针织连衣裙女秋冬2019新款内搭中长款打底毛衣裙,233.00,浙江 杭州,6人付款,香影官方旗舰店,
AIVEI欣贺艾薇2019新款修身短袖小香风针织连衣裙L0160097,759.00,福建 厦门,8人付款,aivei官方旗舰店,
DPLAY德帕拉秋冬新款时尚通勤荷叶边镂空拼接长袖显瘦气质连衣裙,328.00,上海,55人付款,dplay旗舰店,
连帽卫衣连衣裙女迪赛尼斯2019秋季新款字母刺绣长袖a字中长裙子,899.00,浙江 杭州,7人付款,迪赛尼斯官方旗舰店,
贵夫人长袖连衣裙高端洋气秋冬内搭红色打底裙子妈妈女式春秋长裙,299.00,广东 广州,107人付款,易美初旗舰店,
sdeer圣迪奥新潮前卫双立领收褶设计刺绣图案装饰连衣裙S18381210,291.00,江苏 南京,92人付款,sdeer旗舰店,
秋冬连衣裙女装2019新款潮流行裙子打底内搭小香风毛呢中长款加厚,198.00,广东 深圳,228人付款,娇莲本雅旗舰店,
针织连衣裙女秋冬修身不对称设计感半高圆领迪赛尼斯2019新款长裙,489.00,浙江 杭州,6人付款,迪赛尼斯官方旗舰店,
太平鸟粗花呢背带连衣裙秋装2019新款v领直筒气质法式过膝裙子女,369.90,浙江 宁波,58人付款,太平鸟官方旗舰店,
ELAND甜美淑女学院风格纹荷叶边连衣裙EEOW83816N,898.00,上海,22人付款,eland官方旗舰店,
娇鼎a字连衣裙女收腰显瘦气质v领长袖针织中长款宽松褶皱高腰秋冬,399.99,天津,155人付款,娇鼎旗舰店,
水云间女装2019秋冬新款POLO领藏肉格子拼接裙子气质假两件连衣裙,339.00,广东 广州,83人付款,sedate旗舰店,
DAZZLE地素 19秋冬新款气质桃花飘带印花雪纺度假裙连衣裙2G1O503,1408.00,上海,2人付款,dazzle官方旗舰店,
商场同款DOUBLOVE贝爱2019秋冬新款坑条针织高领收腰中长款连衣裙,2299.00,浙江 嘉兴,3人付款,doublelove旗舰店,
加绒连衣裙冬季长款2019秋新款女气质贵夫人洋气高端内搭过膝长裙,238.00,湖北 武汉,441人付款,帛莉图旗舰店,
YINER音儿2018秋季新款时尚口袋拼接抽绳连帽连衣裙,1089.00,广东 深圳,0人付款,音儿官方旗舰店,
音儿2018夏季新款优雅网纱袖拼接系带大摆连衣裙,1032.00,广东 深圳,1人付款,音儿官方旗舰店,
珂莱蒂尔2019年女秋季新款八分袖针织绒里修身蕾丝印花连衣裙子,1208.00,江西 赣州,2人付款,珂莱蒂尔旗舰店,
珂莱蒂尔2019女秋冬新款高腰半身裙职业休闲修身格纹百搭连衣裙子,1318.00,江西 赣州,4人付款,珂莱蒂尔旗舰店,
SCOFIELD女装2019新款假两件裙摆开叉收腰小立领连衣裙SFOW98903L,1287.00,上海,8人付款,scofield女装官方旗舰店,
SCOFIELD女装优雅淑女风千鸟格假两件中长款长袖连衣裙SFOW849040,1529.00,上海,10人付款,scofield女装官方旗舰店,
JUZUI/玖姿官方旗舰店2019秋季新款飘带翻领蕾丝绣花中长连衣裙女,1316.00,浙江 嘉兴,2人付款,玖姿官方旗舰店,
毛衣针织连衣裙秋冬2019新款女装潮长款过膝打底内搭配大衣的裙子,159.00,广东 深圳,413人付款,百诗哲旗舰店,
法式桔梗减龄娃娃领针织连衣裙小香风黑色千格鸟中长袖款袖a字裙,329.00,广东 深圳,139人付款,小安俱乐部,
纯色花边蕾丝连衣裙显瘦镂空中长款甜美仙女裙秋装2019年新款裙子,339.00,广东 深圳,165人付款,珂瑞思服饰旗舰店,
茗思针织打底连衣裙女秋冬2019新款半高领蕾丝拼接修身内搭毛衣裙,368.00,广东 深圳,106人付款,茗思旗舰店,
气质白色雪纺连衣裙秋装2019年新款长袖仙女中长款衬衫裙子女秋冬,139.72,广东 广州,668人付款,曾祥华1,
香港专柜2019夏季新款很仙气质淑女收腰连衣裙女过膝雪纺长裙显瘦,628.00,福建 福州,59人付款,韫玉银妆阁,
秋冬季长款连衣裙女打底加绒长裙配大衣的高端洋气贵夫人加厚冬裙,146.00,广东 广州,382人付款,裳欧颐旗舰店,
秋装2019年新款女气质小香风毛呢格子连衣裙冬季收腰显瘦百褶裙子,198.00,广东 深圳,196人付款,衣米衣旗舰店,
黑色长裙女秋冬2019新款长袖气质显瘦连衣裙职业包臀开叉一步裙子,298.00,广东 广州,177人付款,千娜儿旗舰店,
丹慕妮尔裙子女装秋季2019年新款polo领气质贵妇人连衣裙高端洋气,398.00,广东 深圳,166人付款,丹慕妮尔旗舰店,
毛衣套装裙两件套秋冬2019新款小个子洋气淑女气质针织包臀连衣裙,68.00,广东 广州,1412人付款,花淇兰旗舰店,
卓图女装简约减龄连衣裙修身裙子小香风气质A字裙秋冬装2019新款,368.00,浙江 杭州,118人付款,hitorat服饰旗舰店,
毛衣针织连衣裙2019新款女秋冬装长款过膝打底内搭配大衣的长裙子,159.00,广东 深圳,340人付款,百诗哲旗舰店,
女神美裙2019秋冬新款羊绒连衣裙V领纯色过膝长裙羊毛显瘦宽松裙,608.00,上海,58人付款,世界外贸2013,
粉色蕾丝连衣裙2019新款超仙女装中长款秋冬内搭加绒打底流行裙子,248.00,广东 东莞,152人付款,魅力旋律旗舰店,
长袖连衣裙秋装2019年新款女装潮小个子时尚蕾丝裙气质女神范衣服,188.00,广东 东莞,263人付款,魅力旋律旗舰店,
丹慕妮尔长款碎花连衣裙女秋季2019新款气质遮腿肉显瘦长裙子过膝,478.00,广东 深圳,101人付款,丹慕妮尔旗舰店,
黑色连衣裙女秋冬2019年新款秋装褶皱显瘦赫本小黑裙气质礼服长裙,298.00,广东 广州,197人付款,sugenry旗舰店,
气质长裙女2019秋冬新品纯色连帽过膝毛衣裙宽松显打底针织连衣裙,268.00,浙江 嘉兴,205人付款,郎尼拉芙旗舰店,
丹慕妮尔裙子秋冬2019年新款高冷系女装35一45连衣裙成熟气质长袖,398.00,广东 深圳,86人付款,丹慕妮尔旗舰店,
2019秋冬新款网纱拼接连衣裙女百搭A字针织裙酷高冷厌世风小黑裙,129.90,浙江 杭州,838人付款,290476779yy,
针织毛衣连衣裙女秋冬装2019年新款背带裙子两件套装收腰显瘦气质,248.00,广东 东莞,208人付款,芭琦诗艺女装旗舰店,
TOUCH MISS  裙子女羊毛秋冬打底裙百搭纯色半高领显瘦淑女连衣裙,1290.90,福建 泉州,53人付款,tb_9263659,
金丝绒连衣裙女装2019新款潮高冷御姐风成熟气质粉色丝绒裙子秋冬,189.00,广东 深圳,230人付款,百诗哲旗舰店,
菲西娅2019秋冬新款女装高领格子针织连衣裙长款过膝毛衣裙子长裙,358.00,广东 深圳,186人付款,菲西娅女装旗舰店,
秋冬黑色打底裙修身过膝毛衣长裙子女单穿系带加厚百褶针织连衣裙,218.00,广东 东莞,250人付款,尚高服饰有限公司,
蓝色倾情2019秋冬新款 粉色V领网纱收腰连衣裙女气质淑女桔梗裙子,279.00,浙江 杭州,192人付款,蓝色倾情旗舰店,
轻奢法代maje连衣裙长袖复古印花不规则系带淑女19秋冬MFPRO00586,1370.00,法国,40人付款,不承诺的诺言,
AINUOER.MY2019秋冬新款荷叶边网纱拼接气质收腰连帽卫衣裙连衣裙,359.00,广东 惠州,180人付款,ainuoermy旗舰店,
2019秋冬斐秀智古力娜扎明星同款小香风连衣裙气质针织包臀短裙女,158.00,广东 东莞,281人付款,糊涂小白兔168,
贵夫人羊毛连衣裙秋冬气质女装高领格子长款毛衣裙千鸟格打底裙子,368.00,广东 东莞,241人付款,阿吉多旗舰店,
chocolate好质感百搭款法式连衣裙早秋韩版2019新显瘦外搭背心裙,129.00,广东 广州,765人付款,小西瓜406086861,
秋装2019年新款女背心长袖针织连衣裙+针织开衫秋冬两件套裙子潮,79.00,广东 广州,659人付款,洛布施旗舰店,
秋冬季新款2019内搭打底长裙宽松显瘦毛衣裙中长款过膝针织连衣裙,198.00,浙江 嘉兴,248人付款,蓓姿曼旗舰店,
针织连衣裙秋冬季2019新款女中长款过膝打底裙高领套头内搭毛衣裙,188.00,广东 东莞,390人付款,幼u瓷,
格子毛呢连衣裙女秋装2019新款中长款背心裙女秋冬季背带裙两件套,278.00,福建 福州,120人付款,芯娅旗舰店,
baby杨颖明星同款小香风黑色丝绒蝴蝶结连衣裙中袖修身礼服小黑裙,368.00,上海,98人付款,余人余事01,
初秋裙子女2019新款气质女神范衣服高冷御姐成熟北欧风碎花连衣裙,168.00,广东 深圳,266人付款,赛班娜旗舰店,
印花长款连衣裙女秋冬2019新款气质阔太太贵夫人过膝高腰打底长裙,218.00,湖北 武汉,187人付款,帛莉图旗舰店,
L羊毛呢连衣裙女秋冬装2019新款气质双排扣背心裙两件套7602105,469.00,广东 深圳,66人付款,feiyu妃语服饰,
沈小姐海外代购self-portrait丝绒蕾丝V领小香风修身打底礼服中裙,1368.00,法国,25人付款,扯淡青春1368,
丹慕妮尔针织拼接连衣裙女秋冬2019新款气质显瘦配大衣的毛衣裙子,426.00,广东 深圳,138人付款,丹慕妮尔旗舰店,
maje代购连衣裙长袖小香风修身格纹短裙淑女19秋冬mfpro00651,1872.00,法国,21人付款,潘伊木,
阔太太连衣裙针织长袖2019秋冬季女打底洋气贵夫人中长款大码高端,338.00,广东 深圳,132人付款,彭永凤,
欧洲站早秋新款2019大码胖mm长袖polo连衣裙收腰长裙女长款复古冬,378.00,上海,103人付款,潮港惠品,
长袖针织两件套裙子女2019新款修身显瘦套装春秋打底毛衣连衣裙冬,68.00,浙江 杭州,4130人付款,千衣百汇连锁总店,
秋装2019年新款女气质太空棉黑色鱼尾连衣裙收腰显瘦流行裙子秋冬,189.00,广东 深圳,198人付款,衣米衣旗舰店,
贵夫人长袖连衣裙高端洋气秋冬内搭红色打底裙子妈妈女式春秋长裙,299.00,广东 广州,107人付款,易美初旗舰店,
梦梦家冬装甜美气质喇叭袖针织连衣裙女2019荷叶边配大衣的毛衣裙,89.90,浙江 杭州,1143人付款,hym134225,
菲梦伊黑色丝绒连衣裙女长袖秋季高领收腰显瘦中长款打底A字裙子,335.00,广东 深圳,123人付款,fxmongyi旗舰店,
羊毛针织连衣裙2019新款秋冬中长款高领加厚复古过膝毛衣打底裙,1289.00,福建 泉州,72人付款,吻是你的味道,
纪诗哲小香风法式连衣裙女秋2019新款显瘦名媛女装轻熟风流行裙子,1377.00,福建 泉州,29人付款,想不到的生活创意,
ZADY秋装2019新款秋冬裙子收腰显瘦气质初秋长袖打底针织连衣裙女,1190.00,福建 厦门,32人付款,笑小笑2016,
娃娃领毛呢连衣裙女秋冬装2019新款时尚显瘦气质矮个子A字打底裙,168.00,广东 广州,213人付款,qfyb旗舰店,
秋冬新款针织套装裙气质显瘦连衣裙网纱半身裙淑女小香风两件套,1348.00,福建 厦门,25人付款,yylook2008,
2019秋冬新款女装纯羊毛针织连衣裙贵夫人毛衣裙内搭长裙子配大衣,598.00,广东 深圳,68人付款,菲西娅女装旗舰店,
吊带连衣裙两件套早初秋冬秋季淑女轻熟风收腰名媛小香风长裙套装,199.00,广东 东莞,176人付款,初黎旗舰店,
赫本风黑色礼服裙女秋装2019新款名媛气质修身中长款金丝绒连衣裙,258.00,广东 深圳,170人付款,fanshon阿虫,
秋季针织连衣裙女秋冬2019新款贵妇人阔太太过膝长款羊毛打底裙子,368.00,广东 东莞,353人付款,阿吉多旗舰店,
法国代购 maje 19秋冬 小香风V领拼接撞色短袖连衣裙 MFPRO00588,1280.00,法国,27人付款,young最高,
ZADY羊毛针织连衣裙女2019秋冬中长款小香风高端气质黑色打底裙,1399.00,福建 厦门,33人付款,笑小笑2016,
秋装2019年新款气质西装领长袖一步裙通勤纯色系带收腰连衣裙7671,369.00,广东 深圳,89人付款,zx卓芯旗舰店,
秋装女2019新款长袖黑色金丝绒连衣裙中长款时尚气质高领收腰裙子,398.00,广东 深圳,126人付款,舒姿菲旗舰店,
2018秋冬装新款高领长袖过膝气质复古连衣裙中长款秋冬打底连衣裙,98.00,广东 广州,14人付款,dqgxg旗舰店,
Lagogo拉谷谷2019秋季新款学院风优雅假两件长袖淑女拼接连衣裙女,299.00,上海,254人付款,lagogo服饰旗舰店,
针织连衣裙女秋冬装2019新款收腰显瘦名媛气质红色V领打底裙子,268.00,广东 深圳,112人付款,韩穆旗舰店,
薇羽 2019年秋季新款V领连衣裙收腰显瘦气质裙子小个子穿搭仙女裙,299.00,浙江 杭州,206人付款,isabufei衣纱布菲旗舰店,
秋装小香风针织秋季连衣裙女秋冬打底2019新款早秋款小个子毛衣裙,128.00,广东 广州,443人付款,parnasse旗舰店,
针织连衣裙秋装2019新款女士小个子两件套秋冬修身显瘦气质套装裙,148.00,湖南 株洲,310人付款,喜瑶旗舰店,
高冷御姐风套装洋气秋装2019新款吊带智熏裙法式桔梗裙两件套女潮,98.00,广东 广州,842人付款,麦田姑娘服饰旗舰店,
初秋冬天2019年新款品修身显瘦气质打底长袖内搭蕾丝连衣裙子女潮,79.98,广东 广州,632人付款,云蜜花仙服饰旗舰店,
2019秋季新款 长袖名媛气质显瘦高端印花系带丝绒西装领连衣裙女,299.00,广东 深圳,270人付款,mc高端定制女装,
秋冬新款内搭初恋裙子chic港味慵懒风V领吊带网纱连衣裙女中长款,88.00,广东 广州,570人付款,2014sakura,
汤元家SD工装裙女秋装2019年新款收腰裙子气质港风牛仔长袖连衣裙,328.00,重庆,496人付款,shirleydogg,
Lagogo拉谷谷2019冬季新款淑女勾花中长裙长袖针织连衣裙两件套女,699.00,上海,88人付款,lagogo服饰旗舰店,
秋装2019新款西装领针织连衣裙女秋冬打底毛衣裙a字裙小香风裙子,168.00,广东 深圳,141人付款,tinee旗舰店,
夜场低胸性感诱惑工作服修身包臀技师服裙子夜店桑拿深V连衣裙 女,99.00,广东 东莞,390人付款,zzzhailong2016,
酒红色金丝绒连衣裙女秋季2019新款气质V领长袖修身中长款裙子潮,398.00,广东 深圳,96人付款,舒姿菲旗舰店,
秋冬连衣裙女装2019新款潮流行裙子小香风韩版冬季加厚毛呢两件套,268.00,广东 深圳,165人付款,娇莲本雅旗舰店,
打底毛衣裙秋冬季2019年新款女时尚长袖中长款过膝气质针织连衣裙,268.00,广东 深圳,98人付款,布蔓拉旗舰店,
ZADY秋装2019年新款女智熏法式桔梗裙初秋很仙的法国小众连衣裙潮,1458.00,福建 厦门,33人付款,笑小笑2016,
女装搭配裙子两件套装秋冬季穿搭名媛冬裙小香风冬装气质淑女轻熟,148.00,广东 深圳,314人付款,良时旗舰店,
品牌专柜同步发售  可人的小草莓  深蓝色19年秋装新款刺绣连衣裙,398.00,广东 深圳,252人付款,grace1231,
2019秋冬季新款名媛小香风长袖木耳边拼接纽扣连衣裙女短裙,179.00,广东 广州,179人付款,安可儿1973,
V领针织连衣裙女收腰显瘦气质打底内搭毛衣裙子秋冬装2019新款潮,188.00,广东 深圳,169人付款,千度寻女装,
春秋温柔长袖早秋配风衣的内搭针织连衣裙内搭配大衣打底裙毛衣裙,388.00,上海,70人付款,超级爆款名城,
2019新款秋冬季碎花连衣裙加绒长裙长款配大衣的裙子内搭加厚冬裙,168.00,广东 广州,240人付款,裳欧颐旗舰店,
秋装女2019新款长袖黑色金丝绒连衣裙中长款收腰时尚立领钉珠裙子,398.00,广东 深圳,85人付款,舒姿菲旗舰店,
丹慕妮尔法式复古连衣裙女秋装2019年新款收腰显瘦气质高端裙子,340.00,广东 深圳,103人付款,丹慕妮尔旗舰店,
针织连衣裙女秋冬2019新款修身显瘦气质长袖打底长款毛衣裙子过膝,168.00,广东 东莞,248人付款,韩田旗舰店,
丹慕妮尔黑色毛衣拼接连衣裙女2019秋季新款设计感小众假两件裙子,398.00,广东 深圳,116人付款,丹慕妮尔旗舰店,
秋季小香风连衣裙女装2019新款秋冬V领裙子气质女神范衣服礼服裙,188.00,广东 深圳,154人付款,unenow旗舰店,
名媛女装秋冬针织毛衣裙宽松中长款大码胖mm蝙蝠袖高领羊毛连衣裙,368.00,广东 东莞,166人付款,阿吉多旗舰店,
2019新款秋冬连衣裙碎花长袖收腰气质雪纺裙小个子加绒加厚短款裙,158.00,广东 广州,179人付款,竹娇旗舰店,
冬天配大衣的裙子半高领内搭打底针织连衣裙女秋冬仙长袖长款长裙,129.00,广东 广州,364人付款,elevenhuihui,
淑女显瘦知性气质包臀裙2019秋冬装新款女长袖V领网纱鱼尾连衣裙,238.00,广东 广州,93人付款,黛婉儿旗舰店,
初秋女装2019年新款针织毛衣连衣裙子小香风网红两件套装秋冬季潮,168.00,广东 深圳,185人付款,爱名雅旗舰店,
加绒加厚长袖小黑裙2019秋冬季新款气质修身打底黑色中长款连衣裙,218.00,广东 东莞,178人付款,身饰如花旗舰店,
红色连衣裙秋装2019年新款法式复古裙七分袖中长款气质裙子女秋冬,148.00,广东 深圳,289人付款,嘉芙琳旗舰店,
蕾丝钩花气质很仙有女人味的连衣裙正式场合女装开叉春秋2019新款,388.00,浙江 杭州,77人付款,佐兰妮旗舰店,
【AT法国直邮】sandro19秋冬小香风格子排扣修身连衣裙SFPRO00682,1625.00,法国,44人付款,tb0570651_2011,
气质淑女装时尚V领针织连衣裙中长款秋冬2019年新款收腰显瘦a字裙,299.00,广东 深圳,81人付款,佳罗兰旗舰店,
米白色蕾丝连衣裙2019新款气质显瘦修身名媛小香风中长裙女秋冬,328.00,广东 深圳,83人付款,花月浅紫,
丹慕妮尔收腰显瘦连衣裙女秋冬2019新款法式复古气质打底拼接裙子,388.00,广东 深圳,95人付款,丹慕妮尔旗舰店,
娜娜女王成熟假两件连衣裙女秋装2019年新款气质拼接收腰a字裙子,378.00,广东 深圳,90人付款,queennana旗舰店,
小香风淑女蝴蝶结学院风金丝绒连衣裙2019秋冬新款韩范宽松显瘦女,299.00,广东 深圳,148人付款,milina2012,
冬装2019款女中长款显瘦过膝毛衣女打底修身粉色针织连衣裙秋冬,169.00,广东 东莞,204人付款,芳香之城旗舰店,
黑色金丝绒连衣裙女长袖2019秋冬新款气质v领收腰显瘦荷叶边长裙,397.00,广东 深圳,65人付款,简百图旗舰店,
鹿皮绒打底连衣裙女装2019秋冬新款收腰显瘦气质长裙中长款裙子潮,223.00,浙江 杭州,139人付款,11度青春旗舰店,
2019新款女装秋装心机A字裙子长袖设计感修身鱼尾V领蕾丝连衣裙,189.00,广东 深圳,168人付款,芳香之城旗舰店,
水云间女装2019秋冬新款POLO领藏肉格子拼接裙子气质假两件连衣裙,339.00,广东 广州,83人付款,sedate旗舰店,
裙子女秋冬2019新款高冷御姐风成熟贵妇人连衣裙阔太太长款打底裙,368.00,广东 东莞,219人付款,阿吉多旗舰店,
2019年新款女装时尚中国风气质金丝绒旗袍改良版连衣裙长款秋冬季,159.00,广东 广州,159人付款,乐芙倪旗舰店,
沙滩裙海边度假女夏季2019超仙的长裙性感露背吊带裙子红色连衣裙,145.00,福建 宁德,304人付款,娇女王树衣堂专卖店,
黑色蕾丝连衣裙女秋冬2019新款宽松大码长袖打底长款过膝妈妈长裙,398.00,浙江 杭州,63人付款,清新佳丽旗舰店,
秋冬季新款女装长袖针织连衣裙中长款过膝打底裙子宽松气质毛衣裙,198.00,浙江 嘉兴,134人付款,蓓姿曼旗舰店,
贵夫人连衣裙高端洋气2019秋冬新款大码胖mm阔太太妈妈过膝长裙子,158.00,广东 广州,814人付款,颖悦旗舰店,
四英寸秋装2019年新款女流行豹纹裙子收腰显瘦气质连衣裙潮88855,358.00,广东 深圳,122人付款,4英寸旗舰店,
黑色针织连衣裙女秋冬中长款羊毛长袖百褶裙a字修身显瘦打底裙潮,259.00,上海,90人付款,小猪格格屋,
2019新款秋冬季打底连衣裙女中长款加绒加厚冬裙冬天穿的长袖内搭,148.00,广东 广州,256人付款,裳欧颐旗舰店,
秋冬连衣裙装2019新款潮流行裙子打底内搭蕾丝气质女神范衣服白色,198.00,广东 深圳,134人付款,娇莲本雅旗舰店,
蓝色倾情2019秋冬新款 黑色翻领丝绒连衣裙收腰显瘦气质淑女裙子,279.00,浙江 杭州,158人付款,蓝色倾情旗舰店,
ANNA安娜家秋装2019年新款吊带裙内搭长裙性感缎面连衣裙裙子女装,99.00,浙江 杭州,493人付款,xiaokang1371,
轻奢法代 maje小香风连衣裙2019秋冬通勤修身短裙淑女mfpro00590,1500.00,法国,22人付款,不承诺的诺言,
针织连衣裙女秋冬季中长款2019新款修身显瘦内搭打底吊带背心长裙,99.00,浙江 杭州,431人付款,恒鑫服饰专营店,
金丝绒连衣裙女装2019新款潮高冷御姐风成熟气质丝绒蕾丝裙子秋冬,179.00,广东 深圳,175人付款,百诗哲旗舰店,
2019秋季新款女装复古金属扣高腰圆领长袖中长款包臀A字连衣裙子,358.00,广东 东莞,88人付款,lumn旗舰店,
2019春秋冬新款雪纺长袖连衣裙女碎花中长款气质收腰加绒加厚打底,158.00,广东 广州,181人付款,芝术服饰旗舰店,
茗思羊毛针织连衣裙女秋冬2019新款印花修身打底过膝中长款毛衣裙,491.00,广东 深圳,45人付款,茗思旗舰店,
水云间纯色马甲背心针织衫条纹连衣裙冬季新款百褶a字裙子两件套,399.00,广东 广州,77人付款,sedate旗舰店,
L妃语秋冬新款女装2019气质修身高领针织印花连衣裙两件套7500105,398.00,广东 深圳,80人付款,feiyu妃语服饰,
Paul Frank/大嘴猴裙子女2019新款秋冬装长袖连衣裙收腰显瘦气质,259.00,福建 厦门,132人付款,paulfrank官方旗舰店,
澳丝纯甜美小香风连衣裙2019秋季长袖中长款黑色修身显瘦A字裙女,98.00,广东 广州,339人付款,澳丝纯服饰旗舰店,
2019秋冬新款女装羊毛针织连衣裙收腰显瘦中长款过膝打底毛衣裙子,558.00,广东 深圳,29人付款,菲西娅女装旗舰店,
2019秋冬新款气质女装黑色大码连衣裙中长款法式复古内搭打底裙子,328.00,广东 东莞,96人付款,阿吉多旗舰店,
秋装2019款女新款女装韩版修身显瘦时尚娃娃领中长款蕾丝连衣裙,169.00,广东 东莞,181人付款,芳香之城旗舰店,
IU明星同款天鹅绒黑色丝绒吊带年会礼服裙蕾丝打底裙A字女连衣裙,238.00,浙江 嘉兴,93人付款,tb33241657,
秋冬新款a字针织连衣裙女收腰长袖小个子气质裙子显瘦名媛小香风,89.80,广东 东莞,459人付款,依可轩时尚韩版女装店,
L2019秋冬新名媛气质小香风粗花呢蕾丝荷叶袖假两件连衣裙1402403,248.00,广东 深圳,86人付款,卓雅jr,
加绒加厚小黑裙2019秋冬新款气质A字裙长袖打底中长款黑色连衣裙,218.00,广东 东莞,98人付款,身饰如花旗舰店,
华哥弟情秋冬新款女装宽松显瘦中长款过膝毛针织连衣裙羊绒打底裙,136.00,广东 深圳,1207人付款,千衣百汇988,
长袖连衣裙女秋2019新款白色仙女裙小香风马甲两件套时尚气质套装,188.00,浙江 杭州,130人付款,戈拉萱旗舰店,
罗衣优雅大摆连衣裙2019秋装新款拼接网纱修身系带假两件裙00509,425.70,广东 佛山,98人付款,roeyshouse旗舰店,
2019年新款冬季加厚女秋季连衣裙秋冬打底裙子冬装假两件套时尚潮,138.00,广东 广州,294人付款,北亦黎落旗舰店,
2019秋冬新款女装高端时尚长袖中长款过膝打底毛衣裙针织连衣裙,618.00,广东 深圳,40人付款,丝叙针织生活馆,
高冷御姐风气质高冷女神范衣服成熟加厚长款碎花连衣裙子女装秋冬,168.00,浙江 杭州,143人付款,织筱旗舰店,
PRICH 2019冬新款西装领不规则百褶淑女时尚长袖连衣裙PROW94985M,278.00,上海,88人付款,哆咪啦668,
2019春秋长袖冬季打底连衣裙收腰长裙 V领长款气质显瘦弹力过膝裙,128.00,广东 惠州,293人付款,韩流熟淑女,
罗衣气质大摆毛衣连衣裙女秋冬新款立领系带弹力中长针织裙01201,385.70,广东 佛山,116人付款,roeyshouse旗舰店,
小香风连衣裙女秋冬季2019年新款韩版气质淑女套装裙子两件套洋气,329.00,广东 东莞,58人付款,欧奈藤旗舰店,
丹慕妮尔裙子女秋装2019年新款立领长袖收腰显瘦简约气质连衣裙,388.00,广东 深圳,83人付款,丹慕妮尔旗舰店,
阔太太贵夫人高端洋气衬衫袖金丝绒高冷御姐风成熟连衣裙秋冬长裙,288.00,广东 深圳,72人付款,欧逸彩旗舰店,
加绒加厚秋冬小黑裙2019新款气质V领A字中长款长袖打底黑色连衣裙,218.00,广东 东莞,86人付款,身饰如花旗舰店,
Plus Five mom 2019秋冬小香风高腰针织显瘦长袖连衣裙2ZN3084610,198.00,广东 广州,109人付款,轻奢女装私人定制,
品牌专柜同步发售  简洁浪漫气质感  酒红色2019年秋装新款连衣裙,349.00,广东 深圳,202人付款,grace1231,
菲梦伊气质女神范连衣裙女秋装新款名媛性感修身V领亮丝开叉裙子,358.00,广东 深圳,118人付款,fxmongyi旗舰店,
金丝绒连衣裙秋冬2019新款长款打底加绒加厚长裙高端时尚冬裙女装,168.00,广东 广州,163人付款,裳欧颐旗舰店,
年会礼服女新款 端庄大气[逸红颜 马莲]优雅紫色丝绒连衣裙,668.00,上海,51人付款,kerry2046,
秋冬毛衣针织裙女羊毛羊绒中长款宽松收腰大码气质妈妈过膝连衣裙,158.00,广东 广州,252人付款,yoyo小蜜儿,
早秋女2019新款赫本风小黑裙名媛气质小香风针织连衣裙春秋中长裙,298.00,广东 深圳,156人付款,媛佳人旗舰店,
2019初秋新款修身气质显瘦裙子仙女超仙森系小香风长袖收腰连衣裙,138.00,广东 深圳,247人付款,嘉芙琳旗舰店,
欧洲站小香风毛呢连衣裙秋冬高端时尚名媛小个子直筒裙子淑女气质,378.00,上海,77人付款,林友创888,
菲梦伊黑白拼接连衣裙女装春季西装领气质修身长袖中长裙OL包臀裙,426.00,广东 深圳,127人付款,fxmongyi旗舰店,
蛋糕小黑裙女长袖2019秋冬新款闪闪网纱中长款打底黑色蕾丝连衣裙,249.00,广东 广州,78人付款,蒂欧时力妮09,
尘埃之家2019秋装新品酒红优雅领结蕾丝修身气质显瘦长袖连衣裙,358.00,浙江 温州,59人付款,尘埃之家旗舰店,
潮牌2019秋冬新款女装韩版时尚中长款V领蕾丝边连衣裙收腰打底裙,635.00,福建 福州,60人付款,itbuy商城,
韩衣女王 连衣裙长袖秋装2019年新款V领气质收腰修身显瘦长款裙子,139.00,广东 佛山,331人付款,qgyfj,
2019秋冬季新款女装韩版修身针织连衣裙气质淑女内搭打底毛衣裙子,79.00,广东 广州,571人付款,yanggongzhu0033,
Plus Five ya5+2019秋新冬新拼接蕾丝法式丝绒短连衣裙2ZN3084120,228.00,广东 广州,98人付款,衣佳人品牌服饰代购,
小香风复古伞裙连衣裙秋装2019年新款轻熟风气质裙子女装收腰显瘦,218.00,广东 深圳,149人付款,阿曼服饰315,
欧洲站秋装2019年新款仙女气质V领长袖粉色连衣裙修身淑女中长裙,268.00,广东 深圳,104人付款,fanshon阿虫,
背心裙女秋冬装2019新款女装马甲连衣裙中长款背带裙子冬裙两件套,278.00,福建 福州,83人付款,红翎坊旗舰店,
秋冬法式复古过膝大摆长裙红色丝绒收腰显瘦连衣裙淑女气质礼服裙,120.00,广东 广州,142人付款,我的衣家201407,
小香风套装女2019新款秋冬名媛气质高腰显瘦圆领羊毛针织两件套裙,599.00,上海,34人付款,梦想靓包,
2019冬季时尚刺绣花马甲毛呢连衣裙女秋冬装加厚两件套A字背心裙,118.00,北京,198人付款,溪宇服饰旗舰店,
菲梦伊中长款金丝绒连衣裙女2019秋季新款V领蕾丝打底裙显瘦包臀,398.00,广东 深圳,105人付款,fxmongyi旗舰店,
2019新款女装小个子内搭冬裙法式复古a字打底裙子秋冬针织连衣裙,138.00,广东 东莞,1021人付款,梦见桥旗舰店,
秋冬连衣裙女2019新款宽松外穿慵懒风气质名媛休闲v领长袖打底裙,398.00,广东 东莞,55人付款,阿吉多旗舰店,
新款仙女超仙甜美森系秋冬打底长款蕾丝连衣裙配大衣的裙子气质女,158.00,浙江 杭州,834人付款,戈拉萱旗舰店,
娜尔思雪纺连衣裙2019夏新款碎花翻领系带洋气微透衬衫裙子女,1099.00,广东 深圳,0人付款,naersi旗舰店,
高领收腰针织连衣裙2019春夏新款韩版修身气质针织衫长款内搭潮女,499.00,浙江 杭州,2人付款,puella官方旗舰店,
Oece2019冬装新款女装 法式浪漫立领高腰长袖修身轻纱仙女连衣裙,369.00,浙江 杭州,43人付款,oece旗舰店,
纯色花边蕾丝连衣裙显瘦镂空中长款甜美仙女裙秋装2019年新款裙子,339.00,广东 深圳,165人付款,珂瑞思服饰旗舰店,
香影小香风连衣裙女2019秋冬装新款气质流行显瘦无袖直筒v领裙子,399.00,浙江 杭州,6人付款,香影官方旗舰店,
娜尔思女装连衣裙2019秋季新款时尚收腰修身v领七分袖气质中长裙,1959.00,广东 深圳,1人付款,naersi旗舰店,
ONE MORE 2019秋新款吊带连衣裙女性感气质收腰超仙A字裙小清新裙,669.00,浙江 宁波,24人付款,onemore官方旗舰店,
SELECTED思莱德新款雪纺蕾丝很仙的气质长款连衣裙女S|41912J503,999.00,天津,1人付款,selected官方旗舰店,
商场同款诗凡黎2019春季新款中长款黑色A字裙连衣裙女318C193431,524.00,浙江 杭州,3人付款,诗凡黎官方旗舰店,
SELECTED思莱德女士潮流休闲纯色V领五分袖针织连衣裙S|418346506,699.00,天津,7人付款,selected官方旗舰店,
INSUN/恩裳商场同款气质减龄明线装饰焦糖色H型背带连衣裙,717.00,广东 深圳,2人付款,恩裳官方旗舰店,
dzzit地素 2019春秋新款两件套印花中长款蕾丝连衣裙女3G1O6487D,1290.00,上海,3人付款,dzzit官方旗舰店,
DPLAY德帕拉秋冬新款2019年时尚印花灯笼袖设计淑女气质连衣裙女,358.00,上海,36人付款,dplay旗舰店,
ANMANI/恩曼琳19秋新花边立领系带网纱拼接蕾丝女连衣裙EAN9AA04,869.00,福建 厦门,5人付款,anmani恩曼琳官方旗舰店,
ELLASSAY歌力思2019秋装新款 黑色简约摩登中长款连衣裙女,2490.00,广东 深圳,0人付款,歌力思官方旗舰店,
SUSSI/古色18春新品 雕栏玉砌 黑色刺绣花V领连衣裙 28170811,2980.00,广东 广州,1人付款,sussi古色旗舰店,
谷邦2019秋冬新款黑色灰色中长款裙子简约风亮丝荷叶边连衣裙女,699.00,浙江 杭州,2人付款,谷邦官方旗舰店,
弥影2019秋冬新款长袖连帽卫衣连衣裙女黑色荷叶边拼接网纱卫衣裙,359.00,广东 深圳,209人付款,弥影旗舰店,
伊芙丽2018冬装新款裙子V领直筒高腰中长款休闲宽松连衣裙女,490.00,浙江 杭州,16人付款,伊芙丽旗舰店,
白亭 2019年夏季新款白色V领蕾丝连衣裙女超仙蛋糕裙中长款网纱裙,259.00,浙江 杭州,103人付款,isabufei衣纱布菲旗舰店,
【加购有礼】拉珂蒂黑色翻领连衣裙女修身显瘦赫本风2019秋装新款,2689.00,广东 深圳,1人付款,lakoradior旗舰店,
DIAMOND DAZZLE地素夏新款绣花仙女修身气质连衣裙女1M1O40931,2798.00,上海,0人付款,dazzle官方旗舰店,
秋逸 2019年初秋新款长袖衬衫裙女小香风连衣裙收腰显瘦气质裙子,259.00,浙江 杭州,118人付款,isabufei衣纱布菲旗舰店,
MANGO女装连衣裙2019秋冬新款褶皱佩斯利印花泡泡长袖连衣裙,699.00,上海,3人付款,mango旗舰店,
evaouxiu伊华欧秀冬季女装新款复古港味腰带蕾丝露肩连衣裙子,789.00,广东 深圳,8人付款,evaouxiu旗舰店,
雪纺连衣裙女迪赛尼斯2019秋季新款厌世法式桔梗egg裙收腰中长裙,899.00,浙江 杭州,3人付款,迪赛尼斯官方旗舰店,
YINER音儿2018夏季新款钉珠拼接树叶镂空蕾丝连衣裙,1192.00,广东 深圳,0人付款,音儿官方旗舰店,
YINER音儿2018夏季新款优雅欧根纱蕾丝花边拼接连衣裙,1690.00,广东 深圳,0人付款,音儿官方旗舰店,
珂莱蒂尔印花连衣裙2019秋冬新款蕾丝领仙女甜美羊毛高腰显瘦裙子,1158.00,江西 赣州,5人付款,珂莱蒂尔旗舰店,
珂莱蒂尔荷叶裙摆连衣裙2019秋季新款气质洋气蕾丝领高腰显瘦裙子,1258.00,江西 赣州,3人付款,珂莱蒂尔旗舰店,
SCOFIELD女装通勤风格纹修身肩部纽设计收腰连衣裙SFOW88206L,1251.00,上海,3人付款,scofield女装官方旗舰店,
SCOFIELD女装2019秋冬新款虎皮印花纹修身系带连衣裙SFOW93707Q,1485.00,上海,8人付款,scofield女装官方旗舰店,
Miss Sixty2019新款V领碎花不规则收腰长袖很仙的连衣裙女,1645.00,广东 广州,3人付款,misssixty官方旗舰店,
Miss Sixty2019新款配腰带不对称收腰牛仔连衣裙短裙女,1990.00,广东 广州,2人付款,misssixty官方旗舰店,
天猫预售秋水伊人连衣裙冬装2019新款女装拼接雪纺长袖假两件裙女,449.00,浙江 杭州,0人付款,秋水伊人官方旗舰店,
秋水伊人国风改良连衣裙冬装2019年新款女装印花圆领镂空裙子女,639.00,浙江 杭州,6人付款,秋水伊人官方旗舰店,
JUZUI/玖姿官方旗舰店2019秋季新款荷叶边V领真丝中长连衣裙女,1398.00,浙江 嘉兴,0人付款,玖姿官方旗舰店,
JUZUI/玖姿官方旗舰店2019夏季新款蕾丝拼接收腰显瘦中长连衣裙女,1277.00,浙江 嘉兴,1人付款,玖姿官方旗舰店,
SongofSong歌中歌秋冬羊毛娃娃领气质墨绿色珍珠a字裙长袖连衣裙,2556.00,广东 深圳,1人付款,songofsong官方旗舰店,
[商场同款]SongofSong歌中歌 华美刺绣水溶蕾丝连衣裙5C38105220,3976.00,广东 深圳,0人付款,songofsong官方旗舰店,
5件7折 欧时力2019秋冬装法式仙女裙中长丝绒连衣裙女1GZ3080640,1090.00,广东 广州,6人付款,ochirly官方旗舰店,
秋冬季新款小香风连衣裙流苏长袖显瘦淑女减龄粗纺蝴蝶结a字裙,199.00,广东 广州,110人付款,品秋池旗舰店,
香妮芬2019秋装新款中年妈妈连衣裙女高贵气质弹力针织印花中长裙,350.00,浙江 温州,63人付款,香妮芬旗舰店,
女神范长款藏蓝色丝绒网纱拼接针织连衣裙秋装2019年新款气质长裙,289.00,广东 深圳,69人付款,springkai,
米思阳2019秋季新款知性优雅长袖小黑裙收腰显瘦侧开叉针织连衣裙,379.90,广东 广州,35人付款,思阳服饰旗舰店,
Roem 19秋冬新款韩版修身收腰气质碎花圆领长袖连衣裙 RCOW84908M,238.00,上海,102人付款,快乐的阿ben猫,
罗衣黑色淑女连衣裙2019秋冬新款知性弹力修身大摆针织长裙00811,385.70,广东 佛山,92人付款,roeyshouse旗舰店,
高端有女人味的连衣裙春秋2019新款修身显瘦包臀一步裙大红色减龄,398.00,浙江 杭州,45人付款,佐兰妮旗舰店,
黑色V领钉珠针织连衣裙女秋冬中长款赫本风小黑裙气质显瘦毛衣裙,189.00,广东 深圳,85人付款,tinee旗舰店,
欧洲站2019秋冬新款小香风气质法式复古黑色超仙显瘦针织连衣裙女,388.00,广东 深圳,236人付款,吴映珠kenny,
韩国代购秋冬新款女装韩版气质淑女宽松大码毛衣裙子两件套蕾丝裙,568.00,香港 九龙,83人付款,b63845760,
2019秋冬装新款纯色简约修身高领针织连衣裙女中长款开叉毛衣裙子,99.90,浙江 杭州,503人付款,hym134225,
高冷成熟气质2019年新款御姐风成熟秋冬连衣裙女潮裙子贵夫人长裙,258.00,浙江 杭州,43人付款,希娅旗舰店,
修身显瘦包臀连衣裙秋冬季2019新款中长款紧身气质v领鱼尾裙子女,178.00,广东 东莞,137人付款,唯静尚衣旗舰店,
洋气连衣裙秋冬打底针织衫连衣裙两件套格子小香风连衣裙M1909145,288.00,广东 深圳,80人付款,海威迩77,
罗衣V领天鹅绒连衣裙女秋冬新款气质红色修身系带打底长裙子01208,425.70,广东 佛山,70人付款,roeyshouse旗舰店,
初秋2019新款缎面连衣裙女秋冬内搭过膝长裙中长款裙子显瘦打底裙,189.00,广东 深圳,73人付款,tinee旗舰店,
2019新款秋冬泫雅风针织连衣裙女中长款韩版气质V领打底长裙早秋,58.00,广东 广州,677人付款,雅绮珊旗舰店,
罗衣短袖蕾丝连衣裙2019春夏新款优雅鱼尾摆修身酒红色中长裙7141,385.70,广东 佛山,13人付款,roeyshouse旗舰店,
2019新款法式轻熟风御姐小香风洋气黑色蕾丝连衣裙两件套装女秋冬,158.00,广东 东莞,97人付款,芩泽语旗舰店,
E秋装2019年新款女羊毛针织衫粗花呢网纱吊带连衣裙两件套JW9CA07,399.00,广东 深圳,36人付款,feiyu妃语服饰,
2019秋冬新款女慵懒风网红高领针织卫衣高腰网纱裙套装两件套洋气,108.00,广东 广州,342人付款,艾茵诺旗舰店,
加绒蕾丝连衣裙长裙女秋冬内搭打底长款裙子气质2019新款冬裙加厚,139.00,广东 广州,205人付款,菲思雨服饰旗舰店,
春装2019款针织连衣裙女春秋季气质小香风毛衣裙子两件套装裙长裙,238.00,广东 深圳,77人付款,韩慕臣旗舰店,
小香风套装秋冬名媛气质2019新款时尚长袖格子针织连衣裙两件套女,639.00,上海,19人付款,梦想靓包,
加绒加厚旗袍改良版碎花连衣裙女秋冬季贵夫人妈妈保暖内搭打底裙,168.00,广东 广州,83人付款,巴薇儿旗舰店,
婚礼妈妈装高端大气婚宴礼服丈母娘婚礼服高贵岳母中年大码鱼尾裙,378.00,广东 深圳,49人付款,hongliang16899,
Plus Five ya5+2019秋新法式学院小香风高腰针织连衣裙2ZN3084610,218.00,广东 广州,99人付款,衣佳人品牌服饰代购,
2019秋季新款 女神范气质中长款法式灯笼袖风衣式太空棉连衣裙女,399.00,广东 深圳,139人付款,mc高端定制女装,
L卓雅艾薇2019秋冬新款披肩气质千鸟格收腰裙子针织连衣裙1604601,286.00,广东 深圳,55人付款,卓雅jr,
SKN 今日满分糖 比比谁更甜 小香风花呢网红秋冬长袖女连衣裙JOEY,299.00,广东 东莞,56人付款,广州服饰阁,
妈妈连衣裙30-40岁秋气质高领2019新款打底针织长款毛衣裙内搭冬,258.00,广东 广州,94人付款,易美初旗舰店,
高领圆点毛衣中长款宽松连衣裙2019年秋冬新款针织长袖过膝直筒裙,278.00,浙江 嘉兴,104人付款,郎尼拉芙旗舰店,
粉红玛丽风2019秋冬甜美打底女生蓬蓬网纱裙针织羊毛连衣裙梦丽莎,308.00,浙江 杭州,52人付款,咿咿呀呀的小胖狗,
2019秋冬新款气质阔太太加厚加绒过膝打底女高贵夫人长款连衣裙子,238.00,湖北 武汉,67人付款,帛莉图旗舰店,
ZK灯笼长袖雪纺拼接娃娃领A字小香风连衣裙仙女裙粗花呢粉色甜美,259.00,广东 深圳,71人付款,zk旗舰店,
减龄黑色假两件连衣裙2019秋季新款女装拼接针织网纱高腰修身长裙,378.00,广东 东莞,47人付款,lumn旗舰店,
菲梦伊成熟风连衣裙女秋装气质时尚通勤钉珠拼接职业中长款鱼尾裙,498.00,广东 深圳,40人付款,fxmongyi旗舰店,
金丝绒连衣裙女装2019新款潮高冷御姐风成熟气质丝绒蕾丝裙子秋冬,189.00,广东 深圳,118人付款,百诗哲旗舰店,
2019秋冬新款淑女气质修身A字小黑裙黑色立领长袖打底连衣裙中裙,218.00,广东 东莞,99人付款,身饰如花旗舰店,
长袖针织连衣裙女秋冬2019新款韩版黑色打底长款裙子时尚显瘦内搭,109.90,浙江 杭州,508人付款,果果一女人,
初秋季女装2019新款收腰显瘦气质针织连衣裙成熟女神范打底毛衣裙,168.00,广东 东莞,90人付款,捷羊旗舰店,
网纱拼接针织连衣裙女秋冬气质配大衣的长裙子内搭很仙的毛衣裙子,69.90,广东 广州,458人付款,伟伟大码女装,
2019秋冬新款韩国女装名媛气质鱼尾裙纽扣修身显瘦淑女针织连衣裙,115.00,广东 深圳,164人付款,艺术沙龙123,
韩版格子连衣裙2019秋季新款双排扣修身显瘦长袖翻领腰带百褶裙子,259.00,广东 东莞,59人付款,韩慕臣旗舰店,
贵夫人连衣裙女2019秋冬新款大码宽松妈妈打底针织中长款毛衣裙子,158.00,广东 广州,567人付款,颖悦旗舰店,
连衣裙套装女秋冬性感夜店女装包臂皮裙套装气质女神范衣服两件套,118.00,福建 泉州,151人付款,馨语萱旗舰店,
羊毛连衣裙女秋冬2019新款大码宽松娃娃领拼接显瘦直筒针织打底裙,368.00,广东 东莞,134人付款,阿吉多旗舰店,
初秋2019新款女装潮气女神范时尚裙子两件套装格子连衣裙女秋冬,178.00,广东 东莞,83人付款,芩泽语旗舰店,
假两件网纱针织连衣裙女气质长款过膝毛衣裙子春秋冬装2019年新款,188.00,广东 深圳,79人付款,千度寻女装,
MECITY女中长款修身气质系带仙女裙连衣裙,699.00,上海,25人付款,mecity女装旗舰店,
秋冬大码智熏收腰显瘦长袖气质长裙胖mm法式桔梗森系复古连衣裙子,79.80,广东 广州,277人付款,panwenjingbobo,
2019秋季新款女气质V领长袖修身显瘦大摆假两件套长款黑色连衣裙,398.00,广东 深圳,51人付款,舒姿菲旗舰店,
ON＆ON/安乃安2019秋冬系列气质小香风连衣裙长袖收腰显瘦A字裙潮,389.00,上海,43人付款,onon安乃安旗舰店,
三福2019冬装新品女小香风格子背带裙 淑女连衣裙女417498,239.00,广东 广州,18人付款,三福服饰官方旗舰店,
针织连衣裙2019秋冬新款女妈妈大码贵夫人高端洋气宽松打底毛衣裙,278.00,广东 深圳,65人付款,彭永凤,
古力娜扎袁莱明星同款酒红色开叉针织修身连衣裙打底中长款毛衣女,308.00,上海,39人付款,余人余事01,
秋冬装长袖针织连衣裙2019年新款女装宽松中长款过膝毛衣打底裙子,198.00,浙江 嘉兴,91人付款,蓓姿曼旗舰店,
毛衣针织连衣裙秋冬女装2019新款潮长款过膝打底内搭配大衣的裙子,169.00,广东 深圳,125人付款,百诗哲旗舰店,
19欧洲站100%纯山羊绒衫女装中长款过膝打底毛衣裙收腰针织连衣裙,448.00,北京,35人付款,lsy82011,
Plus Five mom 2019秋冬新复古蕾丝拼接丝绒短裙连衣裙2ZN3084120,217.00,广东 广州,63人付款,轻奢女装私人定制,
花边领喇叭袖高腰蕾丝拼接金丝绒连衣裙女显瘦流行过膝长裙秋冬款,503.00,广东 深圳,37人付款,桑曼服饰专营店,
特价！千鸟格小香风连衣裙女2019秋冬无袖打底毛呢背心裙修身名媛,198.00,广东 深圳,140人付款,丹丹开网店,
2019秋冬新款女羊毛针织连衣裙过膝毛衣裙内搭长裙子配大衣打底裙,528.00,广东 深圳,23人付款,菲西娅女装旗舰店,
秋装2019年新款针织连衣裙长袖女秋冬荷叶边修身a字裙早秋打底裙,198.00,广东 深圳,90人付款,芯悦凌旗舰店,
气质毛呢针织连衣裙初秋装2019年新款显瘦毛衣背带裙子两件套装女,188.00,广东 东莞,108人付款,捷羊旗舰店,
法国代购 maje18秋冬淑女不规则长袖波点中长连衣裙 h18rivoli,950.00,法国,23人付款,胡彬199222,
温婉优雅 秋冬羊毛V领系带收腰 中长款针织毛衣裙女ELQZ25542,225.00,上海,71人付款,黛儿姑娘,
秋冬新款女装千鸟格针织打底连衣裙中长款宽松内搭毛衣裙子配大衣,258.00,浙江 嘉兴,57人付款,蓓姿曼旗舰店,
2019新款秋冬装女装韩版潮淑女宽松中长款过膝高领拼色针织连衣裙,188.00,浙江 嘉兴,65人付款,纳彩船王旗舰店,
欧洲站秋装新款2019修身显瘦系带金丝绒连衣裙女中长款气质礼服裙,276.50,广东 深圳,64人付款,fanshon阿虫,
法国代购maje连衣裙长袖小香风修身格纹短裙淑女19秋冬mfpro00651,1119.00,法国,14人付款,淘壳网二号店,
金丝绒连衣裙女秋冬新款女装法式复古长款长裙子收腰显瘦气质冬裙,248.00,广东 深圳,94人付款,欧惑旗舰店,
高冷系女装气质成熟初秋新款韩版淑女洋气套装背带连衣裙子女秋冬,109.00,广东 广州,154人付款,桦思菁旗舰店,
2019年秋冬新款中年女装气质针织连衣裙中长款宽松内搭打底毛衣裙,258.00,浙江 嘉兴,63人付款,蓓姿曼旗舰店,
尘颜淑女连衣裙2019秋季 气质V领优雅修身短袖大摆裙F859预,398.00,广东 深圳,58人付款,尘颜旗舰店,
枪枪家裙子女秋冬秋装2019年新款名媛长袖仙女裙网纱裙打底连衣裙,168.00,广东 广州,227人付款,chacha49,
风衣中长款西装领衬衫裙子2019新款气质收腰长袖黄色连衣裙女秋冬,168.00,广东 深圳,106人付款,缘臣旗舰店,
卓图针织连衣裙女秋冬2019新款气质小个子修身内搭打底长袖毛衣裙,88.00,广东 广州,1493人付款,小头爸爸cc,
品牌专柜同步发售  简洁经典气质感  深蓝色2019年秋装新款连衣裙,360.00,广东 深圳,79人付款,grace1231,
现货今日满分糖 比比谁更甜 小香风花呢网红秋冬长袖女连衣裙JOEY,329.00,广东 深圳,40人付款,七十二变时尚服饰屋,
潮牌2019秋冬款小个子圆领喇叭袖木耳边紧身针织连衣裙女名媛网红,599.00,福建 泉州,28人付款,城市套路深深深,
职业连衣裙秋冬新款2019高冷气质女神范衣服新品黑白小香风裙子潮,139.00,广东 广州,202人付款,yindongyan998770,
法国代购maje连衣裙小香风短袖V领甜美拼接淑女19秋冬mfpro00588,1020.00,法国,12人付款,吴栩帆,
SLY2019秋冬新品时尚圆领五分袖修身针织连衣裙030CSK73-5040,349.00,上海,12人付款,sly旗舰店,
长袖连衣裙中长款2019秋冬女装新款修身气质淑女小香风包臀打底裙,178.00,浙江 杭州,68人付款,ruikeer芮可而旗舰店,
Lagogo2019年秋季新款豹纹灯笼袖圆领连衣裙两件套女显瘦雪纺长裙,329.00,上海,63人付款,lagogo服饰旗舰店,
气质名媛裙子女装秋冬2019新款打底裙中长款连衣裙针织长袖毛衣裙,287.70,广东 深圳,123人付款,sea11_1,
秋冬小香风针织小个子连衣裙娃娃裙气质收腰短款春装毛衣裙egg风.,148.00,广东 东莞,96人付款,吉安娜娜娜,
朱梦 2019年秋季新款法式复古连衣裙女宴会红色礼服裙高腰蓬蓬裙,289.00,浙江 杭州,103人付款,isabufei衣纱布菲旗舰店,
ONLY2019冬季新款气质蕾丝松紧袖口A字中长款连衣裙女|119107508,359.00,天津,6人付款,only官方旗舰店,
中长款连衣裙女香影2019秋冬装新款系带淑女裙荷叶边显瘦收腰裙子,499.00,浙江 杭州,0人付款,香影官方旗舰店,
YINER音儿2018秋季新款优雅蝴蝶结系带收腰印花连衣裙,798.00,广东 深圳,0人付款,音儿官方旗舰店,
YINER音儿2018春季新款时尚抽绳连帽灯笼袖H型连衣裙,903.00,广东 深圳,0人付款,音儿官方旗舰店,
珂莱蒂尔2019年女秋冬新款长袖纯色拼接绵羊毛中长款连衣裙子,1887.00,江西 赣州,3人付款,珂莱蒂尔旗舰店,
珂莱蒂尔2019女秋冬新款长袖针织修身洋气中长款印花网纱连衣裙子,1659.00,江西 赣州,1人付款,珂莱蒂尔旗舰店,
SCOFIELD女装秋冬款撞色假两件修身方领长袖连衣裙SFOW84V020,1309.00,上海,2人付款,scofield女装官方旗舰店,
SCOFIELD女装时尚风琴褶设计圆领优雅连衣裙2019新款SFOW92601S,1428.00,上海,0人付款,scofield女装官方旗舰店,
Miss Sixty2019新款秋季蕾丝拼网纱蛋糕裙高腰连衣裙女,2990.00,广东 广州,0人付款,misssixty官方旗舰店,
Miss Sixty冬季绣花修身高腰短裙子长袖牛仔连衣裙女,1393.00,广东 广州,4人付款,misssixty官方旗舰店,
摩萨克商场同款2019春季新款蕾丝镂空花边长款连衣裙MWZC50030,1876.00,浙江 嘉兴,1人付款,玖姿官方旗舰店,
JUZUI/玖姿官方旗舰店2019秋季新款时尚碎花中长款雪纺连衣裙女,699.00,浙江 嘉兴,4人付款,玖姿官方旗舰店,
秋水伊人连衣裙外套冬装2019新款女装单排扣气质修身两穿提花裙,449.00,浙江 杭州,3人付款,秋水伊人官方旗舰店,
秋水伊人连衣裙秋2019新款女装长袖复古风绿色衬衫领仙女裙高冷系,399.00,浙江 杭州,44人付款,秋水伊人官方旗舰店,
SongofSong歌中歌黑色赫本羊毛秋冬荷叶边修身中长连衣裙小黑裙,6299.00,广东 深圳,2人付款,songofsong官方旗舰店,
[商场同款]SongofSong歌中歌轻奢夏高级感蕾丝拼接钉珠气质连衣裙,4085.00,广东 深圳,0人付款,songofsong官方旗舰店,
5件7折 欧时力2019新款秋装单排扣开叉无袖连衣裙女1ZY1083700,999.00,广东 广州,2人付款,ochirly官方旗舰店,
5件7折 欧时力秋冬装复古印花假两件长袖连衣裙女裙子1GC1084850,1090.00,广东 广州,13人付款,ochirly官方旗舰店,
海青蓝秋装2019新款显瘦背带裙polo领职业通勤收腰名媛气质连衣裙,388.00,广东 深圳,14人付款,海青蓝旗舰店,
hopeshow连衣裙红袖春秋2019新款女长袖很仙的白色蕾丝中长仙女裙,399.00,浙江 杭州,3人付款,红袖官方旗舰店,
海青蓝法式智熏裙2019秋装新款娃娃领收腰显瘦条纹a字连衣裙14928,358.00,广东 深圳,4人付款,海青蓝旗舰店,
三彩2019早秋冬季新款网纱亮片法式流行灯笼袖裙子长袖连衣裙女,298.00,浙江 杭州,30人付款,三彩官方旗舰店,
法式复古针织裙子女装2019春秋季新款很仙的中长款过膝蕾丝连衣裙,699.00,浙江 杭州,10人付款,puella官方旗舰店,
2019秋季新款高冷系女装气质成熟针织衫吊带连衣裙套装两件套洋气,98.00,广东 广州,2432人付款,麦田姑娘服饰旗舰店,
伊芙丽裙子女2019新款夏季流行中长款高腰气质短袖v领蕾丝连衣裙,499.00,浙江 杭州,2人付款,伊芙丽旗舰店,
【双11预售】香影小香风针织连衣裙女2019秋冬新款格子中长毛衣裙,242.00,浙江 杭州,3人付款,香影官方旗舰店,
【加购有礼】拉珂蒂真丝连衣裙女修身法式超仙甜美礼服2019夏新款,3295.00,广东 深圳,0人付款,lakoradior旗舰店,
PRICH通勤风职业格子裙圆领淑女风2019年气质连衣裙女PROW91103M,708.00,上海,1人付款,prich官方旗舰店,
蕾丝钩花气质很仙有女人味的连衣裙正式场合女装开叉春秋2019新款,388.00,浙江 杭州,77人付款,佐兰妮旗舰店,
SUSSI/古色冬季新品 凤舞盛世 金色提花拼磨毛蕾丝连衣裙28471480,3680.00,广东 广州,1人付款,sussi古色旗舰店,
hopeshow长袖连衣裙女 红袖2019冬装新款加厚纯色印花木耳边裙子,449.00,浙江 杭州,4人付款,红袖官方旗舰店,
PRICH通勤气质甜美女士优雅裙子时尚假两件连衣裙 PROK85101M,460.00,上海,5人付款,prich官方旗舰店,
法式连衣裙女秋冬2019新款极简风高冷御姐成熟气质裙子女秋冬,249.00,江苏 苏州,19人付款,拉夏贝尔官方旗舰,
【加购有礼】拉珂蒂贵夫人连衣裙阔太太法式正装礼服裙2019秋新款,3445.00,广东 深圳,0人付款,lakoradior旗舰店,
Vero Moda秋季后领系带裙摆混纺假两件连衣裙|31847C526,999.00,天津,3人付款,veromoda官方旗舰店,
ELAND2019新款女甜美淑女波点长袖连衣裙EEOW938W1N,898.00,上海,5人付款,eland官方旗舰店,
【人气超额】FIVE PLUS女冬装喇叭袖连衣裙拼接荷叶边高腰鱼尾裙,369.00,广东 肇庆,3人付款,fiveplus官方旗舰店,
迪赛尼斯季气质淑女套装裙两件套中长款连衣裙女,568.00,浙江 杭州,1人付款,迪赛尼斯官方旗舰店,
MANGO女装连衣裙2019秋冬新款时尚气质收腰V领高冷长袖裙子连衣裙,459.00,上海,1人付款,mango旗舰店,
金丝绒连衣裙女秋装2019年新款蕾丝镂空高贵气质修身开叉包臀长裙,398.00,广东 深圳,62人付款,喜黛姿旗舰店,
初秋连衣裙2019新款洋气过膝高领针织打底衫欧洲站裙子气质欧货潮,299.00,广东 广州,90人付款,易美初旗舰店,
SUSSI/古色2019冬季新品飞天翼彩贴花毛织连衣裙 2194H0520,2680.00,广东 广州,3人付款,sussi古色旗舰店,
迪赛尼斯新潮流修身收腰显瘦复古仙女针织中长连衣裙,599.00,浙江 杭州,2人付款,迪赛尼斯官方旗舰店,
娜尔思女装真丝连衣裙2019夏季新款时尚高腰碎花桑蚕丝中长衬衫裙,2099.00,广东 深圳,0人付款,naersi旗舰店,
商场同款诗凡黎冬季新款韩版露肩蕾丝中长款连衣裙318A598791,399.00,浙江 杭州,3人付款,诗凡黎官方旗舰店,
三彩2019春季新款 蕾丝V领酒红色法式赫本复古高腰流行连衣裙子女,899.00,浙江 杭州,4人付款,三彩官方旗舰店,
气质长裙女2019秋冬新品纯色连帽过膝毛衣裙宽松显打底针织连衣裙,268.00,浙江 嘉兴,205人付款,郎尼拉芙旗舰店,
娜尔思深蓝蕾丝连衣裙女2019春季新款优雅休闲修身阔太太显瘦裙子,1499.00,广东 深圳,0人付款,naersi旗舰店,
商场同款诗凡黎2019春季新款裙子中长款宽松长袖连衣裙318C290091,599.00,浙江 杭州,2人付款,诗凡黎官方旗舰店,
加绒加厚长袖小黑裙2019秋冬季新款气质修身打底黑色中长款连衣裙,218.00,广东 东莞,178人付款,身饰如花旗舰店,
2019秋冬连衣裙蓝色毛呢子厚款长袖淑女人味甜美清新小香风淑女款,199.00,广东 深圳,156人付款,汀沙欧旗舰店,
DAZZLE地素 春夏新款花色荷叶边雪纺连衣裙女2F4O6086G,1238.00,上海,0人付款,dazzle官方旗舰店,
针织连衣裙秋装2019新款女士小个子两件套秋冬修身显瘦气质套装裙,148.00,湖南 株洲,310人付款,喜瑶旗舰店,
sdeer圣迪奥2019秋装立领字母印花飘带不规则长袖连衣裙S19181227,239.00,江苏 南京,21人付款,sdeer旗舰店,
DPLAY德帕拉2019年秋冬新款时尚西装领双排扣收腰气质显瘦连衣裙,358.00,上海,5人付款,dplay旗舰店,
11预售音儿女装2019冬季新款时尚立领纽扣装饰拼接百褶连衣裙,1349.00,广东 深圳,4人付款,音儿官方旗舰店,
11预售音儿女装2019冬新款粗花呢边装饰拼接收腰假两件连衣裙,1302.00,广东 深圳,0人付款,音儿官方旗舰店,
珂莱蒂尔蕾丝连衣裙女装2019秋季新款仙女超仙甜美镂空高腰收腰,2300.00,江西 赣州,10人付款,珂莱蒂尔旗舰店,
珂莱蒂尔2019秋冬装新款不对称气质西装领收腰系带高腰连衣裙女士,1398.00,江西 赣州,9人付款,珂莱蒂尔旗舰店,
SCOFIELD女装2019冬新款珍珠装饰小礼服长袖丝绒连衣裙SFOW98T01L,2327.00,上海,5人付款,scofield女装官方旗舰店,
SCOFIELD女装19冬季新款优雅V领无袖系腰带羊毛连衣裙SFOW98T02L,2580.00,上海,0人付款,scofield女装官方旗舰店,
Miss Sixty2019新款蕾丝拼接修身复古短裙子牛仔连衣裙女,845.00,广东 广州,5人付款,misssixty官方旗舰店,
Miss Sixty2019新款秋季荷叶边褶皱收腰波点雪纺连衣裙女,1690.00,广东 广州,2人付款,misssixty官方旗舰店,
JUZUI/玖姿官方旗舰店2019秋季新款修身绑带针织连衣裙女收腰显瘦,699.00,浙江 嘉兴,0人付款,玖姿官方旗舰店,
JUZUI/玖姿商场同款2019夏季新款短袖气质印花雪纺连衣裙女衬衫裙,1780.00,浙江 嘉兴,0人付款,玖姿官方旗舰店,
秋水伊人连衣裙冬2019新款女装早秋收腰显瘦长袖中长款波点裙子,389.00,浙江 杭州,21人付款,秋水伊人官方旗舰店,
SongofSong歌中歌夏季小v领大气婉约蕾丝旗袍修身包臀连衣裙,7375.00,广东 深圳,0人付款,songofsong官方旗舰店,
秋水伊人连衣裙冬2019新款女装竖条纹吊带不规则腰带背带裙裙子,229.00,浙江 杭州,10人付款,秋水伊人官方旗舰店,
SongofSong歌中歌新品黑白拼接春秋冬蕾丝七分袖高腰过膝连衣裙,8333.00,广东 深圳,0人付款,songofsong官方旗舰店,
5件7折 欧时力2019新款秋装v领褶皱收腰无袖连衣裙女1ZY3082660,1190.00,广东 广州,0人付款,ochirly官方旗舰店,
不参与多件折 欧时力2019新款秋装印花蕾丝百褶连衣裙1ZH3086220,1590.00,广东 广州,2人付款,ochirly官方旗舰店,
海青蓝气质淑女裙2019秋新款收腰显瘦拼接优雅格子a字连衣裙15168,388.00,广东 深圳,0人付款,海青蓝旗舰店,
海青蓝休闲时尚百褶裙2019秋装新款针织拼接网纱修身连衣裙14955,358.00,广东 深圳,29人付款,海青蓝旗舰店,
【加购有礼】拉珂蒂黑色针织连衣裙修身长袖显瘦打底裙2019秋新款,2445.00,广东 深圳,0人付款,lakoradior旗舰店,
PRICH韩版时尚 性感淑女风连衣裙女气质V领格子裙PROW84905M,590.00,上海,3人付款,prich官方旗舰店,
红袖雪纺连衣裙女 2019春秋新款超仙甜美长袖系带百褶仙女碎花裙,399.00,浙江 杭州,5人付款,红袖官方旗舰店,
PRICH冬季连衣裙女长款 过膝2019新款长袖方领裙子PROW94901T,720.00,上海,3人付款,prich官方旗舰店,
三彩2019秋季新款波点V领小个子长袖雪纺蛋糕裙高腰印花连衣裙女,498.00,浙江 杭州,5人付款,三彩官方旗舰店,
娜尔思女装优雅连衣裙2019秋季新款时尚收腰显瘦羊毛呢中长裙女,1969.00,广东 深圳,0人付款,naersi旗舰店,
【加购有礼】拉珂蒂真丝连衣裙女修身刺绣镂空法式裙子2019夏新款,2945.00,广东 深圳,0人付款,lakoradior旗舰店,
hopeshow雪纺连衣裙女 商场同款红袖2019夏装新款女装印花仙女裙,539.00,浙江 杭州,5人付款,红袖官方旗舰店,
商场同款DOUBLOVE贝爱2019早秋新款印花气质V领桑蚕丝长袖连衣裙,3599.00,浙江 嘉兴,1人付款,doublelove旗舰店,
娜尔思雪纺连衣裙2019夏季新款时尚V领七分袖印花收腰大摆裙,1599.00,广东 深圳,0人付款,naersi旗舰店,
秋冬连衣裙女装2019新款潮流行裙子打底内搭小香风毛呢中长款加厚,198.00,广东 深圳,130人付款,娇莲本雅旗舰店,
香妮芬秋装连衣裙2019新款中年妈妈装优雅大摆裙女时尚羊毛印花裙,600.00,浙江 温州,48人付款,香妮芬旗舰店,
可可尼商场同款2019秋冬新款女装淑女蕾丝喇叭袖桑蚕丝连衣裙,1299.00,浙江 杭州,3人付款,cocoon官方旗舰店,
香妮芬2019秋装新款中年妈妈连衣裙女高贵气质弹力针织印花中长裙,350.00,浙江 温州,63人付款,香妮芬旗舰店,
冬秋装2019年新款连衣裙女金丝绒V领长袖气质内搭中长款打底裙子,338.00,浙江 杭州,50人付款,婕茜露旗舰店,
高领超长款毛衣裙过膝加厚韩版宽松长袖内搭长裙打底针织连衣裙冬,168.00,浙江 嘉兴,68人付款,玛尔摩旗舰店,
秋冬韩版黑色加绒连衣裙女中长款过膝前开叉长袖外穿大码女装裙子,59.80,浙江 杭州,216人付款,妍颜佳人,
秋装2019新款法式温柔仙女裙子超仙甜美约会气质小香风方领连衣裙,118.00,广东 广州,239人付款,liqiumeng99,
菲西娅2019秋冬新款女装刺绣阔太太高贵针织连衣裙过膝毛衣裙长裙,458.00,广东 深圳,40人付款,菲西娅女装旗舰店,
休闲牛仔连衣裙女秋装2019年新款女装修身显瘦中长款长袖流行裙子,258.00,福建 福州,61人付款,芯娅旗舰店,
羊绒衫女2019新款勾花镂空毛衣针织打底裙羊毛喇叭袖中长款连衣裙,288.00,北京,28人付款,七诺羊绒,
2019秋冬民族风改良旗袍裙显瘦复古中国风长款红色针织连衣裙女,269.00,广东 深圳,33人付款,花织锦服饰旗舰店,
连衣裙女秋冬小个子轻熟风冬装2019年新款法式显瘦名媛小香风裙子,298.00,广东 东莞,85人付款,梵微羽轩旗舰店,
菲梦伊蕾丝连衣裙秋2019新款气质收腰中长包臀裙性感开叉过膝裙女,398.00,广东 深圳,31人付款,fxmongyi旗舰店,
秋款针织连衣裙宽松中长款过膝打底裙2019新款女装冬装宽松毛衣裙,198.00,浙江 嘉兴,83人付款,蓓姿曼旗舰店,
菲梦伊春秋2019新款红色性感V领长裙子褶皱显瘦开叉包臀连衣裙女,368.00,广东 深圳,30人付款,fxmongyi旗舰店,
粉色针织连衣裙2019新款内搭秋冬打底毛衣裙长款女小个子流行裙子,188.00,广东 东莞,63人付款,魅力旋律旗舰店,
米思阳2019秋季新款气质休闲拼接百褶裙子修身显瘦V领针织连衣裙,459.90,广东 广州,30人付款,思阳服饰旗舰店,
美特斯邦威连衣裙女夏季新款冰丝绉布舒适梭织连衣裙商场款,49.90,上海,47人付款,美特斯邦威官方outlets店,
CLA蕾丝打底针织连衣裙女装2019新款潮韩版修身中长款秋冬毛衣裙,628.00,福建 泉州,25人付款,claclm全球淘,
嘉瓦娜2019秋冬新款女装翻领酒红色长袖毛呢连衣裙系带收腰中长款,318.00,广东 深圳,27人付款,嘉瓦娜旗舰店,
未风2019新款秋冬名媛小香风连衣裙女冬裙娃娃领冬季加厚毛呢裙子,358.00,广东 广州,32人付款,未风旗舰店,
气质波点雪纺衬衫套装女秋季2019新款开衫无袖针织连衣裙两件套潮,69.90,浙江 杭州,328人付款,hym134225,
针织连衣裙套装女两件套秋冬打底2019新款收腰毛衣裙长款过膝加厚,188.00,广东 广州,70人付款,莺倍旗舰店,
秋冬2019款女很仙的毛衣晚风针织衫打底网纱连衣裙网红两件套女,98.00,广东 广州,209人付款,麦田姑娘服饰旗舰店,
连衣裙收腰显瘦气质婚礼酒红色中长款高档洋气贵妇人中老漂亮妈妈,738.00,广东 东莞,14人付款,蔓珂舒旗舰店,
赫本风名媛裙子女2019秋装新款法式闺蜜洋气礼服裙小香风连衣裙,238.00,广东 广州,132人付款,chacha49,
恒源祥羊毛衫女中长款女士毛衣裙过膝2019秋冬新款打底针织连衣裙,228.00,浙江 嘉兴,48人付款,牧羊奴品牌店,
黑色金丝绒连衣裙女长袖2019秋冬装新款气质高端洋气中长款a字裙,398.00,广东 深圳,33人付款,简百图旗舰店,
婚礼妈妈秋冬礼服参加婚礼服女嫁女儿高贵结婚喜婆婆婚宴装连衣裙,398.00,广东 深圳,25人付款,彭永凤,
菲西娅2019秋冬新款女羊毛针织连衣裙过膝毛衣裙内搭长裙子配大衣,528.00,广东 深圳,26人付款,菲西娅女装旗舰店,
泫雅风ins中长款高冷御姐风成熟chic仙气甜美碎花连衣裙子女秋冬,168.00,浙江 杭州,51人付款,织筱旗舰店,
裙子女秋冬秋装2019年新款长袖雪纺仙女裙打底连衣裙网纱裙长裙,178.00,广东 广州,140人付款,chacha49,
香衣丽华2019新款超长款气质淑女圆领大摆冰丝雪纺沙滩连衣长裙仙,168.00,河南 郑州,61人付款,买神668,
SCOFIELD2019秋季内搭长袖锁链纹百褶裙早秋连衣裙黄色SFOW949030,258.00,上海,72人付款,漫舞ac,
2019早秋款两件套连衣裙子初秋成熟套装女装淑女秋季高冷御姐风冬,109.00,广东 广州,101人付款,法蒙娅服饰旗舰店,
珂莱蒂尔正品连衣裙2019冬装新款粗花呢系带无袖修身裙KF03016D1,309.00,广东 深圳,40人付款,英式流行精品,
小香风连衣裙女秋冬2019新款针织网红套装裙子两件套洋气a字裙潮,238.00,广东 深圳,45人付款,unenow旗舰店,
秋装流行智熏裙法式桔梗裙子女2019新款纯色中长款雪纺复古连衣裙,39.00,广东 广州,13人付款,西街王国,
女装2019秋冬新款珂莱蒂尔国内代购丝绒网纱拼接连衣裙KF02979Q7,549.00,浙江 杭州,24人付款,tb112132876,
配大衣的裙子内搭2019流行高腰新款女装秋装毛呢秋冬小香风连衣裙,298.00,广东 东莞,59人付款,淘淘俏掌柜,
秋冬女通勤长袖修身显瘦中长款针织连衣裙拼接渐变色百褶毛衣裙子,118.00,广东 广州,123人付款,只猪美衣馆,
罗家RMOJUL 2019秋装女装新款 优雅针织拼接渐变色中长百褶连衣裙,268.00,广东 深圳,85人付款,princess_1543,
配大衣的长裙子红色连衣裙女秋冬修身内搭裙过膝气质打底毛衣裙子,188.00,浙江 嘉兴,80人付款,貂织旗舰店,
三福2019冬装新品女韩风淑女毛绒连衣裙 甜美裙子女418327,219.00,广东 广州,7人付款,三福服饰官方旗舰店,
【弹力印花裙】甘甘的世界2019秋季新款弹力半高领大码连衣裙女,498.00,北京,31人付款,甘甘的世界服饰旗舰店,
中长款针织连衣裙秋冬装2019新款女ins超火的毛衣配裙子两件套装,218.00,广东 东莞,62人付款,捷羊旗舰店,
高端气质印花长袖连衣裙蝴蝶结收腰名媛波点洋气减龄2019秋季新款,388.00,浙江 杭州,26人付款,佐兰妮旗舰店,
特显瘦~刘亦菲同款法国秋冬时尚淑女气质黑白撞色针织修身连衣裙,165.00,广东 深圳,132人付款,爱家名品坊,
绣绣天原创自制女装  秋冬灰色修身V领拼接气质羊毛过膝连衣裙,688.00,浙江 杭州,41人付款,绣绣天hz,
欧货新款初秋女装金丝绒连衣裙气质高贵洋气初秋套装女2019欧洲站,268.00,广东 广州,44人付款,靓居服饰旗舰店,
黑色连衣裙女秋装2019新款复古气质长袖修身弹力大摆假两件长裙子,428.00,广东 深圳,32人付款,舒姿菲旗舰店,
舜儿毛衣大码女装春秋打底套头衫蕾丝中长款针织气质淑女连衣裙,388.00,上海,32人付款,奢侈品代购壹号店,
晚白百褶连衣裙2019秋装新款小香风收腰显瘦大摆长袖气质长裙子女,436.00,广东 深圳,25人付款,onebuye服饰旗舰店,
名媛气质法式连衣裙秋冬2019新款长袖流苏宽松百搭红色早秋裙子女,369.00,福建 厦门,33人付款,生活购简单,
超仙女网纱拼接蓬蓬连衣裙秋季韩版气质V领露肩修身收腰仙气长裙,119.00,广东 广州,134人付款,chenboy2003,
韩国减龄无袖针织连衣裙女2019秋冬新款气质显瘦中长款马甲背心裙,309.60,上海,44人付款,遇上对的style,
配大衣的毛衣裙子长款内搭连帽过膝连衣裙针织打底长裙女秋冬加厚,79.00,广东 广州,262人付款,毛蕊花旗舰店,
罗衣原创七分袖连衣裙2019春装新款气质黑色修身优雅蕾丝裙子6787,395.70,广东 佛山,8人付款,roeyshouse旗舰店,
2019早秋新款Z家同款花朵印花度假风V领灯笼袖飘逸大摆长袖连衣裙,228.00,广东 汕头,44人付款,多多衣尚坊,
高领毛衣长裙过膝2019新款韩版宽松洋气内搭长款打底针织连衣裙冬,179.00,浙江 嘉兴,87人付款,玛尔摩旗舰店,
【清仓】茵曼2018夏装新款花边V领流苏喇叭袖打揽显瘦连衣裙女,149.00,广东 佛山,4人付款,茵曼outlets店,
连衣裙女秋冬装针织毛衣马甲配长袖仙女网纱打底裙子两件套套装裙,99.00,广东 广州,188人付款,asos专柜,
2019新款秋冬连衣裙女雪纺长袖气质过膝碎花裙加绒加厚百褶中长裙,138.00,广东 深圳,60人付款,竹娇旗舰店,
秋季假两件连衣裙女2019秋冬新款棉立方小个子复古气质女神范衣服,149.00,浙江 杭州,1594人付款,棉立方旗舰店,
金丝绒加绒加厚连衣裙女中长款2019年新款气质淑女秋冬款内搭打底,168.00,浙江 杭州,58人付款,米旗薇女装旗舰店,
日本米白色羊毛针织连衣裙秋冬装女2019百搭套装裙时尚甜美两件套,499.20,上海,26人付款,遇上对的style,
春秋装2019年新款流行厌世丧系裙子欧美复古碎花雪纺初恋连衣裙女,39.00,广东 广州,8人付款,西街王国,
小香风长袖连衣裙秋冬女装2019新款气质女神范衣服复古格子鱼尾裙,178.00,广东 深圳,48人付款,unenow旗舰店,
小香风套装女2019新款小个子秋装搭配时尚名媛显高两件套连衣裙潮,158.00,广东 深圳,30人付款,unenow旗舰店,
立体绣花针织连衣裙子秋装2019新款女贵夫人宽松中长款过膝毛衣裙,358.00,广东 深圳,32人付款,菲西娅女装旗舰店,
贵夫人长裙秋装2019年新款气质高端修身收腰长袖针织连衣裙女秋冬,369.00,广东 中山,35人付款,狐婷旗舰店,
菲梦伊中长款衬衫裙子V领女装2019秋季新款条纹撞色高腰a字连衣裙,398.00,广东 深圳,48人付款,fxmongyi旗舰店,
法国小众连衣裙性感一字领露肩修身赫本风小黑裙礼服裙子平时可穿,289.00,江西 九江,25人付款,yhuim,
蕾丝连衣裙女香影2019秋冬装新款淑女中长毛绒拼接吊带假两件裙子,350.10,浙江 杭州,1人付款,香影官方旗舰店,
2019流行新款秋装厌世丧系长裙子过膝中长款碎花雪纺打底连衣裙女,39.00,广东 广州,13人付款,西街王国,
2019秋冬新款女装时尚气质中长款长袖羊毛打底裙子毛衣针织连衣裙,318.00,广东 深圳,217人付款,幽莱香旗舰店,
菲西娅2019秋冬新款高领宽松针织连衣裙女中长款过膝打底毛衣裙子,358.00,广东 深圳,36人付款,菲西娅女装旗舰店,
唐嫣明星同款白色连衣裙刺绣时尚修身显瘦鱼尾裙宴会礼服秋冬新款,399.00,广东 广州,17人付款,cxm121029,
韩国2019秋冬新款时尚气质针织v领连衣裙性感收腰显瘦修身打底裙,598.00,福建 福州,35人付款,绑定鞋子,
秋冬韩版修身显瘦A字裙小香风气质名媛淑女打底裙针织蓬蓬连衣裙,95.00,广东 深圳,147人付款,wuguoqiang_xn,
lilithhuang 冬季碎花连衣裙女秋冬复古仙气裙子法式甜美丝绒短裙,258.00,广东 广州,24人付款,lilithhuang原创,
2019新款春秋冬两件套装裙时尚淑女小香风气质显瘦黑白职业连衣裙,258.00,广东 惠州,42人付款,韩流熟淑女,
毛衣裙女秋冬2019新款网红内搭网纱拼接百褶裙时尚针织打底连衣裙,69.00,广东 广州,286人付款,花仙恋旗舰店,
连衣裙女秋冬泫雅风裙子ins中长款针织网纱拼接chic秋装2019新款,159.00,广东 东莞,73人付款,筱丽运动,
2019网红新款初秋冬女装潮针织打底毛衣配毛呢背带长裙子两件套装,178.00,广东 东莞,64人付款,芩泽语旗舰店,
秋装小西装外套女两件套装洋气2019新款春装女时尚韩版气质连衣裙,188.00,浙江 杭州,83人付款,韩诗缇服饰旗舰店,
欧洲站春秋装2019新款欧货潮长袖中长款高腰碎花仙女裙雪纺连衣裙,289.00,浙江 杭州,56人付款,梵莉思女装旗舰店,
海兰丝2019秋装新款流行长袖裙子碎花长裙雪纺印花长款修身连衣裙,649.00,北京,21人付款,海兰丝旗舰店,
迪丽热巴明星同款高领藏肉针织连衣裙女秋冬季修身中长款拼接毛衣,298.00,上海,29人付款,余小小闲人,
豆豆酱Chic早秋褶皱一字肩气质连衣裙小清新百搭紧身性感包臀裙子,138.00,广东 广州,171人付款,cc15881022175,
我是卡卡1995女装新款秋季长袖修身包臀中长款仙女气质网红连衣裙,198.00,河南 郑州,103人付款,jakoinn78,
hopeshow连衣裙女 商场同款红袖2019夏装新款镂空系带翻领智熏裙,559.00,浙江 杭州,0人付款,红袖官方旗舰店,
尘埃之家2019秋装新品酒红优雅领结蕾丝修身气质显瘦长袖连衣裙,358.00,浙江 温州,59人付款,尘埃之家旗舰店,
三彩2019早秋冬季新款名媛风蛋糕网纱两件套公主纱纱裙连衣裙女,368.00,浙江 杭州,11人付款,三彩官方旗舰店,
DPLAY秋款欧美粉色连衣裙V领系带荷叶边长裙不规则裙摆仙女裙,338.00,上海,5人付款,dplay旗舰店,
秋冬裙套装港味复古连衣裙小矮个子穿搭2019新款女装冬装潮流淑女,198.00,广东 深圳,55人付款,良时旗舰店,
JESSIE冬季新款淑女蕾丝显瘦格子长袖连衣裙女DGFGL113J,1049.00,广东 深圳,5人付款,jessie旗舰店,
拉夏贝尔碎花系带连衣裙两件套2019秋季新短款网红双排扣a字裙女,569.00,江苏 苏州,5人付款,拉夏贝尔官方旗舰,
evaouxiu商场同款2019新款重工钉珠亮片蕾丝连衣裙网纱长裙礼服裙,3289.00,广东 深圳,0人付款,evaouxiu旗舰店,
DIAMOND DAZZLE地素 秋冬新款手工线绣花法兰绒连衣裙女1F4O6141U,4488.00,上海,0人付款,dazzle官方旗舰店,
海青蓝优雅女人味裙子2019夏新款v领豹纹收腰时尚洋气连衣裙13863,378.00,广东 深圳,21人付款,海青蓝旗舰店,
ONE MORE2019春装新款碎花雪纺连衣裙女中长款收腰长袖裙子超仙,999.00,浙江 宁波,7人付款,onemore官方旗舰店,
JESSIE2019秋季新款时尚淑女风金属光泽收腰通勤连衣裙DNFGL365,1499.00,广东 深圳,0人付款,jessie旗舰店,
商场同款DOUBLOVE贝爱2019秋冬新款木耳半高领麻花针织收腰连衣裙,1999.00,浙江 嘉兴,0人付款,doublelove旗舰店,
2019秋冬新款高领针织连衣裙女中长款过膝打底裙羊毛衫毛裙子,488.00,浙江 嘉兴,99人付款,爱吉奥服饰旗舰店,
迪赛尼斯2019春季新款气质时尚淑女中长款长袖单排扣针织连衣裙女,399.00,浙江 杭州,0人付款,迪赛尼斯官方旗舰店,
UMOOIE 做内搭很省心。外套的友好CP 全羊毛针织连衣裙 （黑白）,398.00,上海,1237人付款,wewe0565,
2019新款秋冬季碎花连衣裙加绒长裙长款配大衣的裙子内搭加厚冬裙,168.00,广东 广州,240人付款,裳欧颐旗舰店,
PRICH女装新款韩版荷叶边裙通勤风性感V领纯色连衣裙PROW95301M,649.00,上海,11人付款,prich官方旗舰店,
吊带连衣裙两件套早初秋冬秋季淑女轻熟风收腰名媛小香风长裙套装,199.00,广东 东莞,176人付款,初黎旗舰店,
三彩2019夏季新款蕾丝雪纺连衣裙短袖假两件仙女流行蛋糕长裙子女,428.00,浙江 杭州,1人付款,三彩官方旗舰店,
ELAND秋冬优雅淑女吊带连衣裙针织衫假两件套EEOK84T21A,898.00,上海,4人付款,eland官方旗舰店,
伊芙丽裙子女装2019春装新款韩版时尚复古格纹长袖连衣裙女,215.00,浙江 杭州,7人付款,伊芙丽旗舰店,
PRICH法式复古新款气质女神范衣服秋冬长裙女慵懒风chic连衣裙,640.00,上海,0人付款,prich官方旗舰店,
一字肩吊带连衣裙子冬装2019新款露肩女装性感夜店气质名媛小礼服,198.00,广东 深圳,222人付款,niat旗舰店,
hopeshow连衣裙女红袖冬装新款加厚南瓜黄半高领羊毛针织裙子,489.00,浙江 杭州,3人付款,红袖官方旗舰店,
dzzit地素 2019春秋新款两件套网纱蕾丝仙女裙连衣裙女3G1O6397V,1790.00,上海,0人付款,dzzit官方旗舰店,
海青蓝女装2019秋冬新款潮V领气质女神范修身拼接百褶连衣裙16125,358.00,广东 深圳,0人付款,海青蓝旗舰店,
小香风毛呢连衣裙女装2019新款潮收腰显瘦流行气质a字裙子秋冬季,209.00,广东 深圳,93人付款,百诗哲旗舰店,
ELAND衣恋清新小碎花连衣裙蝴蝶结领女EEOW81155B,898.00,上海,13人付款,eland官方旗舰店,
a字纯色气质连衣裙秋冬2019新款女装收腰显瘦中长款法式小众裙子,569.00,江苏 苏州,4人付款,拉夏贝尔官方旗舰,
Donoratico达衣岩2019新品后系带连衣裙 气质绣花波点裙子女夏,1399.00,广东 广州,0人付款,donoratico达衣岩旗舰店,
ONE MORE2019秋季新款带露肩印花中长款过膝法式连衣裙女裙子,599.00,浙江 宁波,19人付款,onemore官方旗舰店,
MANGO女装连衣裙2019秋冬新款装饰性花边网眼细节长款连衣裙,859.00,上海,1人付款,mango旗舰店,
玛丝菲尔2019夏季新款女装黑色无袖连衣裙中长款宽松圆领a字裙子,1608.00,广东 深圳,0人付款,marisfrolg官方旗舰店,
娜尔思蕾丝连衣裙2019夏季新款纯色镂空圆领蝴蝶刺绣高腰优雅裙子,1569.00,广东 深圳,1人付款,naersi旗舰店,
2019秋冬鹿皮绒吊带裙背带打底连衣裙子新款女收腰显瘦气质小个子,138.00,广东 广州,173人付款,爽姿丽人旗舰店,
【Ethel法代】sandro 19秋冬淑女拼接珍珠领百搭连衣裙sfpro,1366.00,法国,149人付款,gxichen2013,
鄂尔多斯1980 19秋冬新款印花连衣裙翻领长袖通勤简约收腰中长裙,1990.00,北京,0人付款,鄂尔多斯官方旗舰店,
商场同款DOUBLOVE贝爱2019秋装新款蕾丝连衣裙星星刺绣通透雅致,1099.00,浙江 嘉兴,2人付款,doublelove旗舰店,
珂莱蒂尔真丝连衣裙女装2019秋季新款仙女气质中长款高腰A字裙子,1710.00,江西 赣州,5人付款,珂莱蒂尔旗舰店,
珂莱蒂尔2019冬装新款羊毛背心黑色收腰显瘦背带裙连衣裙子修身女,948.00,江西 赣州,7人付款,珂莱蒂尔旗舰店,
SCOFIELD女装款淑女时尚蕾丝一步裙收腰连衣裙 SFOW88201L,952.00,上海,6人付款,scofield女装官方旗舰店,
SCOFIELD女装通勤蕾丝设计珍珠扣装饰长袖中长款连衣裙SFOW88205L,1112.00,上海,1人付款,scofield女装官方旗舰店,
Miss Sixty2019新款秋季一字肩荷叶边收腰牛仔连衣裙女,1690.00,广东 广州,2人付款,misssixty官方旗舰店,
Miss Sixty2019新款露肩长裙仙女裙度假沙滩裙雪纺连衣裙女,1645.00,广东 广州,4人付款,misssixty官方旗舰店,
SongofSong歌中歌春季 优雅钉珠修身鱼尾摆连衣裙5C38105450,7390.00,广东 深圳,0人付款,songofsong官方旗舰店,
SongofSong歌中歌春秋含桑蚕丝羊毛提花礼服粉色a字裙连衣裙,7785.00,广东 深圳,0人付款,songofsong官方旗舰店,
秋水伊人连衣裙冬装2019新款女装系带领荷叶边下摆连衣裙女,239.00,浙江 杭州,38人付款,秋水伊人官方旗舰店,
秋水伊人连衣裙秋冬装2019新款女装洋气显瘦长袖法式复古网纱裙子,429.00,浙江 杭州,17人付款,秋水伊人官方旗舰店,
JUZUI/玖姿官方旗舰店2019夏装新款荷叶边垂感桑蚕丝真丝连衣裙女,1280.00,浙江 嘉兴,0人付款,玖姿官方旗舰店,
JUZUI/玖姿官方旗舰店2019夏季新款蕾丝拼接直筒连衣裙女中长款,799.00,浙江 嘉兴,2人付款,玖姿官方旗舰店,
5件7折 欧时力2019秋装花边排扣百褶缎面雪纺连衣裙女1GY1084090,899.00,广东 广州,1人付款,ochirly官方旗舰店,
5件7折 欧时力2019秋冬装系带收腰仙女裙长袖连衣裙女1GZ1083460,639.00,广东 广州,24人付款,ochirly官方旗舰店,
JESSIE2019秋系带淑女时尚碎花雪纺长袖连衣裙女DNFFL173,1589.00,广东 深圳,2人付款,jessie旗舰店,
DOUBLOVE贝爱女装秋冬新款蝴蝶结蕾丝拼接修身连衣裙,1299.00,浙江 嘉兴,0人付款,doublelove旗舰店,
PRICH冬季连衣裙女长款 过膝2019新款长袖方领裙子PROW94901M,590.00,上海,2人付款,prich官方旗舰店,
MANGO女装2019秋冬浪漫印花碎花褶皱裙摆喇叭款V领过膝连衣裙女,399.00,上海,4人付款,mango旗舰店,
海青蓝秋冬针织裙2019新款宽松直筒休闲时尚成熟中长连衣裙15909,368.00,广东 深圳,5人付款,海青蓝旗舰店,
【惠】ELLASSAY歌力思2019秋装新款 浪漫蕾丝V领收腰连衣裙,2140.00,广东 深圳,1人付款,歌力思官方旗舰店,
ONE MORE2019秋季新款带领连衣裙黑色时尚法式甜美气质针织裙子女,569.00,浙江 宁波,13人付款,onemore官方旗舰店,
【11.11预售】ONE MORE2019秋冬新拼接连衣裙法式甜美气质短裙女,359.90,浙江 宁波,0人付款,onemore官方旗舰店,
三彩2019早秋冬季新款法式仙女名媛风重工流行连衣裙网纱吊带裙女,468.00,浙江 杭州,3人付款,三彩官方旗舰店,
海青蓝气质优雅a字裙2019秋装新款娃娃领收腰显瘦格子连衣裙14942,368.00,广东 深圳,2人付款,海青蓝旗舰店,
气质淑女装时尚V领针织连衣裙中长款秋冬2019年新款收腰显瘦a字裙,299.00,广东 深圳,81人付款,佳罗兰旗舰店,
ELAND19夏新款法式珍珠仙女连衣裙蝴蝶领结泡泡袖高腰EEOW96335I,998.00,上海,1人付款,eland官方旗舰店,
Donoratico达衣岩2019连衣裙夏 时尚刺绣荷叶边收腰桔梗裙牛仔裙,799.00,广东 广州,0人付款,donoratico达衣岩旗舰店,
DPLAY德帕拉秋冬新款单排扣收腰连衣裙简约通勤气质款针织连衣裙,358.00,上海,13人付款,dplay旗舰店,
Vero Moda2020春季新款小香风粗花呢网纱拼接连衣裙|320161502,699.00,天津,2人付款,veromoda官方旗舰店,
DPLAY德帕拉秋冬新款欧美粉色深v收腰单排扣可爱淑女风背带连衣裙,229.00,上海,18人付款,dplay旗舰店,
三彩2019初秋冬季新款网纱立领连衣裙长袖冷淡打底黑色针织裙子女,288.00,浙江 杭州,0人付款,三彩官方旗舰店,
2019秋冬新款V领针织连衣裙女中长款过膝长款毛衣裙加厚打底裙子,168.00,广东 深圳,241人付款,tinee旗舰店,
淑女显瘦知性气质包臀裙2019秋冬装新款女长袖V领网纱鱼尾连衣裙,238.00,广东 广州,93人付款,黛婉儿旗舰店,
秋装2019新款西装领针织连衣裙女秋冬打底毛衣裙a字裙小香风裙子,168.00,广东 深圳,141人付款,tinee旗舰店,
秋装2019年新款女气质太空棉黑色鱼尾连衣裙收腰显瘦流行裙子秋冬,189.00,广东 深圳,198人付款,衣米衣旗舰店,
针织连衣裙女秋冬两件套2019新款过膝a字宽松毛衣裙子套装中长款,198.00,湖南 株洲,145人付款,俏卡娜旗舰店,
ELAND19夏新款法式桔梗镂空性感蕾丝衬衫裙连衣裙仙女EEOW925W3C,1098.00,上海,5人付款,eland官方旗舰店,
SELECTED思莱德春季新款吊带女士一字领修身连衣裙S|41912J514,799.00,天津,0人付款,selected官方旗舰店,
DAZZLE地素 2019秋装新款圆领优雅淑女蕾丝绣花连衣裙女2G3O5097M,2399.00,上海,1人付款,dazzle官方旗舰店,
衣品天成2019冬装新款简约气质淑女风连衣裙宽松舒适连帽女式裙子,819.00,浙江 杭州,0人付款,衣品天成女装旗舰店,
DOUBLOVE贝爱女装2019秋冬新款珠片娃娃领喇叭袖连衣裙,1349.00,浙江 嘉兴,1人付款,doublelove旗舰店,
玛丝菲尔2019夏季新款休闲中长款连衣裙,938.00,广东 深圳,1人付款,marisfrolg官方旗舰店,
ANMANI/恩曼琳19秋新圆领系带拼接荷叶花边喇叭袖连衣裙EAN9AG33,699.00,福建 厦门,4人付款,anmani恩曼琳官方旗舰店,
商场同款诗凡黎冬季新款韩版中长款宽松针织连衣裙318A293401,239.00,浙江 杭州,10人付款,诗凡黎官方旗舰店,
宽松显瘦气质中长款娃娃领毛衣裙针织长袖内搭连衣裙秋冬新品女装,268.00,浙江 嘉兴,114人付款,郎尼拉芙旗舰店,
秋季2019新款淑女气质拼接网纱蕾丝裙黑色欧美风收腰连衣裙女欧货,439.00,广东 广州,4人付款,aui旗舰店,
【加购有礼】拉珂蒂无袖真丝连衣裙渐变飘逸度假长裙2019夏装新款,2061.00,广东 深圳,0人付款,lakoradior旗舰店,
CacheCache法式复古裙山本2018冬新款蝴蝶结木耳褶皱显瘦连衣裙女,179.90,上海,34人付款,cachecache旗舰店,
Peoleo飘蕾2019秋季新款拼接网纱气质修身女神范连衣裙小黑裙长款,249.00,浙江 温州,11人付款,peoleo飘蕾旗舰店,
秋装女2019新款时尚条纹拼接收腰衬衫裙气质翻领五分袖连衣裙7670,339.00,广东 深圳,22人付款,zx卓芯旗舰店,
女装2019新款潮假两件套打底连衣裙女秋冬款洋气减龄收腰显瘦裙子,198.00,广东 东莞,48人付款,先淘啊,
韩国代购金丝绒连衣裙女高贵洋气法式复古2019新款春秋中长款长袖,556.00,香港 新界,89人付款,品质论今朝,
皮尔卡丹女装2019秋季新款酒红色长袖V领羊毛连衣裙假两件包臀裙,2000.00,山东 日照,6人付款,圣黛茜女装,
大码连衣裙 胖 mm秋冬2019新款女气质宽松显瘦V领鱼尾针织打底裙,139.00,河南 郑州,97人付款,香槟玫瑰1989,
百图法式小香风小格子毛呢长袖连衣裙女中长款2019秋季新款裙子,289.00,广东 深圳,47人付款,betu旗舰店,
sandro soul 套装连衣裙2019秋冬新款女装修身显瘦针织打底裙,679.00,上海,24人付款,忽悠跳跳鱼,
2019夏季新款法式复古长裙海边度假沙滩裙性感印花吊带连衣裙超仙,138.00,广东 广州,97人付款,三木屋66,
秋冬套装女气质韩版毛衣纱裙甜美风两件套可爱淑女秋装2019年新款,188.00,广东 深圳,89人付款,含纯旗舰店,
HCNTES 两件套秋款新2019日系小香风高腰显瘦圆领洋气减龄套装裙,1455.00,福建 泉州,24人付款,吻是你的味道,
法国代购maje连衣裙2019秋冬小香风百搭修身淑女中长裙MFPRO00648,1089.00,法国,10人付款,淘壳网二号店,
2019秋季新款女装渐变条纹百褶甜美减龄收腰系带蝴蝶结针织连衣裙,358.00,广东 东莞,30人付款,lumn旗舰店,
时尚2019早秋季新款夏装V领收腰显瘦连衣裙中长款印花大码长裙女,208.00,广东 惠州,46人付款,粤驰旗舰店,
2019秋冬新款高端女丝绒连衣裙黑色贵妇人修身显瘦气质高贵裙子,285.00,浙江 杭州,30人付款,壹型壹觅旗舰店,
lilithhuang 中长款印花裙子女秋冬连衣裙收腰显瘦高冷御姐风长裙,228.00,广东 广州,24人付款,lilithhuang原创,
王小鸭2019秋季新款品牌气质印花显瘦流行蕾丝小香风大码连衣裙女,958.00,浙江 杭州,12人付款,王小鸭旗舰店,
白色雪纺碎花连衣裙女秋装2019年新款秋冬季长款小香风长袖打底裙,148.00,湖北 武汉,73人付款,ruvzz旗舰店,
小香风毛呢连衣裙港风ins女装2019新款潮秋冬裙子名媛气质鱼尾裙,188.00,广东 深圳,42人付款,unenow旗舰店,
一字领超仙蕾丝连衣裙女2019新款春夜场气质名媛修身珠片礼服裙子,178.00,广东 深圳,51人付款,易伟巴9877,
冬装2019新款焦糖色宽松针织连衣裙女秋冬长款毛衣裙过膝中长裙子,138.00,广东 深圳,52人付款,tinee旗舰店,
2019秋冬新款淑女气质打底小黑裙V领修身七分袖中长款黑色连衣裙,218.00,广东 东莞,38人付款,身饰如花旗舰店,
岛国品质信得过~重工艺立体烫钻翻领黑色麻纱喵星人连衣裙女 秋冬,149.00,北京,63人付款,小儿郎书包丢了,
秋季女装套装两件套小清新可爱淑女洋气时髦减龄温柔风裙装秋冬款,188.00,广东 深圳,74人付款,清忧小筑,
气质女神范衣服赫本风小黑裙2019新款秋季女装长袖收腰法式连衣裙,299.00,广东 东莞,53人付款,淘淘俏掌柜,
晴薇 2019年夏季新款egg裙法式初恋裙洋气矮个子连衣裙女短款裙子,249.00,浙江 杭州,58人付款,isabufei衣纱布菲旗舰店,
初春秋女装2019年新款潮早秋款气质显瘦连衣裙子裙装洋气两件套装,168.00,广东 广州,47人付款,珈柏尔女装旗舰店,
黑色一字肩金丝绒连衣裙秋冬装2019年新款女装打底内搭气质丝绒裙,189.00,广东 深圳,46人付款,拾雅旗舰店,
冬季时尚搭配套装女秋冬小个子毛呢裙子两件套淑女甜美风少女气质,238.00,广东 深圳,60人付款,含纯旗舰店,
加绒加厚长袖改良旗袍连衣裙女秋冬2019新款气质高端修身针织长裙,379.00,广东 中山,33人付款,狐婷旗舰店,
Lagogo/拉谷谷2019年秋季新款时尚气质女连衣裙两件套ICLL867A35,329.00,上海,52人付款,lagogo服饰旗舰店,
2019新款小香风针织毛衣背心连衣裙两件套女秋冬减龄洋气套装裙子,158.00,浙江 杭州,46人付款,梦想与爱8090,
勿忘花秋冬小香风连衣裙女2019新款红色收腰显瘦气质冬季长袖裙子,368.00,广东 广州,23人付款,勿忘花旗舰店,
2019秋季新款女装蕾丝黑色贵气长袖勾花镂空中长款高腰修身连衣裙,388.00,广东 东莞,20人付款,lumn旗舰店,
冬裙套装两件套女时尚洋气秋冬装御姐时髦气质女神范成熟女装显瘦,188.00,广东 深圳,54人付款,良时旗舰店,
秋冬纯羊毛连衣裙中长款气质系带针织裙修身高腰淑女打底长毛衣裙,369.00,河北 石家庄,24人付款,里艾诺西服饰旗舰店,
歌娅姿复古娃娃领长裙秋装2019新款潮气质女秋冬连衣裙减龄穿搭,368.00,广东 深圳,21人付款,歌娅姿旗舰店,
ins超火泰国土耳其挂脖露背蕾丝开叉连衣裙普吉岛海边度假沙滩裙,129.00,广东 广州,138人付款,舒小妹620,
秋季配风衣的内搭针织连衣裙韩版无袖长款半高领打底毛衣裙子冬季,158.00,浙江 嘉兴,58人付款,玛尔摩旗舰店,
秋冬新款2019流行裙子秋款高腰女连衣裙子ins超仙女装冷淡,158.00,广东 广州,48人付款,依魅莉旗舰店,
毛衣针织连衣裙秋冬2019新款女装潮长款过膝打底加厚配大衣的裙子,189.00,广东 深圳,48人付款,拾雅旗舰店,
成熟套装女秋冬女神显瘦秋装2019年新款女气质女人味毛衣背心裙,228.00,广东 广州,29人付款,易美初旗舰店,
2019夏季新款流行裙子复古裙山本过膝很仙的法国小众连衣裙夏长裙,158.00,广东 东莞,83人付款,粉sebobo,
设计师june eleven拉链拼接连衣裙女修身时尚2019秋冬新品,760.00,北京,37人付款,ariana217,
菲西娅2019秋冬新款阔太太高贵针织连衣裙过膝打底毛衣裙长款长裙,398.00,广东 深圳,21人付款,菲西娅女装旗舰店,
IU李智恩明星同款复古黑色丝绒天鹅绒连衣裙赫本风小黑裙年会礼服,208.00,浙江 嘉兴,42人付款,tb33241657,
针织马甲两件套连衣裙秋冬季2019新款气质名媛小香风毛衣配裙子女,198.00,广东 东莞,32人付款,唯静尚衣旗舰店,
嘉瓦娜2019秋季新款红色蕾丝长袖连衣裙女秋冬打底a字裙中长款,358.00,广东 深圳,11人付款,嘉瓦娜旗舰店,
pp长裙home小黑裙心机港风内搭开叉打底吊带裙女复古连衣裙子chic,68.00,广东 广州,167人付款,2014sakura,
19新秋冬款纯棉高腰收腰显瘦牛仔长袖气质连衣裙女ins潮玫红中长,288.00,广东 广州,53人付款,zyl4444,
2019新款初秋女装小香风淑女气质初恋气质黑色娃娃领连衣裙女秋冬,188.00,广东 东莞,43人付款,芩泽语旗舰店,
L小香风羊毛针织连衣裙秋冬装2019新款气质赫本小红裙礼服7601204,388.00,广东 深圳,16人付款,feiyu妃语服饰,
黑色蕾丝连衣裙2019初秋新款七分袖V领淑女气质修身包臀长裙子女,368.00,广东 深圳,31人付款,喜黛姿旗舰店,
米思阳2019秋季新款时尚气质休闲系带收腰显瘦西装V领波点连衣裙,439.90,广东 广州,17人付款,思阳服饰旗舰店,
连衣裙女秋冬2019新款时尚长袖针织中长款过膝背带裙两件套连衣裙,429.00,广东 深圳,21人付款,flenkiy芙兰奇服饰旗舰店,
法国代购sandro连衣裙拼接钉珠通勤OL风百搭淑女19秋冬sfpro00514,803.00,法国,10人付款,aminga11,
枝荔法式连衣裙2019秋装新款名媛气质手工钉珠收腰包臀鱼尾裙子,389.00,广东 深圳,37人付款,icefire1225,
条纹针织连衣裙女秋冬长袖2019新款包臀裙修身淑女打底裙毛衣裙,128.00,广东 广州,83人付款,明珏服饰旗舰店,
淑女气质两件套女名媛韩版女神时髦套装裙长袖金丝绒连衣裙秋冬装,128.00,广东 广州,89人付款,北风鼓旗舰店,
冬天穿的毛连衣裙子高贵冬裙加厚中长款肥mm配大衣的气质显瘦遮肚,169.00,广东 广州,37人付款,唯壹888,
淑女气质智熏裙初恋桔梗裙秋装2019新款法式小香风格子连衣裙显瘦,189.00,广东 广州,57人付款,执笔达16,
加厚收腰长裙2019新款气质高端修身复古民族风针织连衣裙女秋冬季,329.00,广东 中山,25人付款,狐婷旗舰店,
大摆裙子女名媛红色连衣裙秋装2019年新款收腰显瘦流行长裙子气质,228.00,广东 深圳,30人付款,阿曼服饰315,
L连衣裙女秋冬气质成熟蕾丝连衣裙长袖收腰a字裙名媛裙子8600701,326.00,广东 深圳,35人付款,海威迩77,
黑色金丝绒连衣裙女装2019秋冬新款裙子立领修身中长款长袖打底裙,398.00,广东 深圳,23人付款,舒姿菲旗舰店,
MeetMetro粉色连衣裙女装2019秋冬新款灯笼袖显瘦气质长袖长裙子,459.00,广东 深圳,8人付款,meetmetro旗舰店,
金丝绒打底连衣裙女秋冬2019新款流行裙子女春秋季长袖网纱蛋糕裙,138.00,广东 广州,103人付款,巴薇儿旗舰店,
2019秋冬新款女装中长款过膝大码贵夫人长袖打底毛衣裙针织连衣裙,338.00,广东 深圳,24人付款,彭永凤,
皮尔卡丹女装酒红色收腰V领长袖连衣裙秋冬季新款A字裙商场同款,1500.00,山东 日照,9人付款,圣黛茜女装,
气质收腰显瘦小众桔梗裙智熏裙法式女装潮连衣裙秋装2019新款波点,1063.20,香港 香港岛,20人付款,1988急速代购,
2019秋冬季新款淑女装气质A字小黑裙中长款黑色打底七分袖连衣裙,218.00,广东 东莞,54人付款,身饰如花旗舰店,
欧洲站2019春款时尚洋气条纹连衣裙收腰显瘦遮肚子减龄印花A字裙,98.00,广东 深圳,6人付款,1314蒲公英的约定,
法国代购maje19春夏粗花呢单排扣V领长袖收腰淑女连衣裙E19RYZER,1350.00,法国本土,5人付款,7只猫商城,
毛衣裙子两件套初秋款背带背心裙2019韩版女装秋装显瘦套装洋气冬,189.00,广东 深圳,53人付款,桑漠旗舰店,
2019秋冬新款针织毛衣+收腰显瘦麂皮绒背带裙A字连衣裙女两件套装,278.00,广东 深圳,31人付款,衣心衣意0828,
菲梦伊丝绒连衣裙秋装2019新款重工钉珠修身包臀长裙温柔风18462,388.00,广东 深圳,26人付款,fxmongyi旗舰店,
配大衣的长裙子冬季女装打底连衣裙纯羊毛针织毛衣裙过膝长款,399.00,上海,30人付款,queen_onlyone,
【温暖磨毛印花 含羊毛】甘甘的世界2019秋季新款大码羊毛连衣裙,558.00,北京,15人付款,甘甘的世界服饰旗舰店,
Oece2019冬装新款女装复古小香风背心裙修身打底搭配大衣的连衣裙,259.00,浙江 杭州,40人付款,oece旗舰店,
灯芯绒丝绒翻领连衣裙女高冷御姐风成熟气质复古裙子秋冬2019新款,208.00,广东 深圳,52人付款,千度寻女装,
刺绣钉珠镂空蕾丝连衣裙19新款粉红玛丽年会宴会礼服修身网纱长裙,820.00,上海,24人付款,天际的星愿,
游小姿v领秋冬针织打底连衣裙单排扣A字裙复古风学生气质淑女长裙,138.00,广东 东莞,139人付款,游小姿,
打底连衣裙冬配大衣女装2019新款潮加绒保暖蕾丝拼接法式气质裙子,248.00,广东 东莞,68人付款,梵微羽轩旗舰店,
金丝绒连衣裙改良版旗袍秋冬装2019年新款女气质长袖配大衣打底裙,168.00,浙江 杭州,44人付款,桃花朵朵开137,
秋冬配大衣的裙子内搭打底丝绒连衣裙女长款法式收腰修身显瘦气质,109.00,广东 广州,76人付款,将军wg,
Kivi法国 MAJE小香风针织裙19秋冬法式复古打底内搭连衣裙子女,700.00,法国,18人付款,黄金右脚风中浪子,
2019秋冬新款气质长袖修身显瘦中长款过膝羊毛打底裙针织连衣裙女,368.00,广东 深圳,29人付款,丝叙针织生活馆,
毛衣穿搭配裙洋气女装两件套装秋冬裙洋气冬季时尚气质淑女小香风,198.00,广东 深圳,50人付款,良时旗舰店,
2019雅 圣迪奥 雪秋装新款女两件套不规则连衣裙毛衣修身显瘦206,188.00,浙江 杭州,57人付款,6819尹波,
2019年新款女装初秋套装时尚裙子长袖衬衫a字连衣裙气质收腰显瘦,178.00,浙江 杭州,48人付款,维衣时尚,
冷淡风女装高级感原宿港风秋季梗桔初恋秋装淑女气质连衣裙子秋冬,168.00,广东 深圳,70人付款,点格旗舰店,
2019新款秋季仙女超仙甜美淑女网纱吊带裙套装连衣裙两件套长裙子,158.00,广东 广州,83人付款,bossyxy,
2019年洋气chic泫雅风裙子冷淡秋款时尚港风ins秋季女神两件套装,178.00,广东 东莞,44人付款,洛京美旗舰店,
2019秋冬季新款圆领字母绣花毛呢连衣裙女不规则呢子背心裙,189.00,广东 广州,44人付款,安可儿1973,
法式针织连衣裙2019新款秋港风女装收腰显瘦职业裙长袖鱼尾裙子潮,168.00,广东 深圳,39人付款,unenow旗舰店,
初秋贵夫人碎花连衣裙2019年新款秋季收腰显瘦高端气质雪纺裙子女,269.00,广东 东莞,22人付款,斯珈妮旗舰店,
春夏新木耳边网纱过膝名媛时髦连衣裙女气质女神范衣服长款鱼尾裙,148.00,广东 广州,94人付款,韩风日流服饰店,
媛佳人2019秋季新款小黑裙名媛风气质露肩一字肩针织连衣裙女秋,338.00,广东 深圳,17人付款,媛佳人旗舰店,
2019早秋新款收腰复古伞裙小香风气质打底中长款针织连衣裙女秋冬,298.00,广东 深圳,51人付款,潮州啊明,
香港古力娜扎裴秀智同款2019新款针织小香风裙子修身显瘦连衣裙女,628.00,广东 肇庆,23人付款,然然银尚品150130,
高端气质长款连衣裙2019新款春秋女装收腰西装领职业ol风衣大衣裙,428.00,浙江 杭州,15人付款,佐兰妮旗舰店,
皮尔卡丹女装红色长袖圆领印花连衣裙2019秋季新款礼服装休闲气质,874.00,山东 日照,14人付款,圣黛茜女装,
秋装2019新款女很仙的法国小众雪纺连衣裙a字法式桔梗复古裙初恋,106.00,广东 广州,120人付款,活力宣言旗舰店,
秋冬女2019新款v领打底包臀成熟风有女人味修身显瘦紧身连衣裙,189.00,广东 东莞,60人付款,三加八旗舰店,
baby明星同款2019秋冬天鹅绒丝绒打底连衣裙赫本风复古小黑裙礼服,218.00,浙江 嘉兴,33人付款,tb33241657,
泰国潮牌2019夏季新款白色一字领小礼裙插肩抹胸A字连衣裙裙子,149.00,浙江 杭州,69人付款,扣儿蓝的海,
2019年春秋衬衫式连衣裙女新款长袖气质大摆收腰打底秋冬度假长裙,158.00,浙江 杭州,69人付款,我是零灵七,
圆领露肩长袖针织拼接显瘦网纱连衣裙女式洋气小黑裙长裙秋冬新品,433.00,广东 深圳,38人付款,桑曼服饰专营店,
法式小香风连衣裙女19早秋新款时尚蝴蝶结收腰显瘦名媛气质小礼服,1329.30,福建 漳州,8人付款,chenhuihong688,
早秋装2019年新款女长袖蕾丝边碎花雪纺连衣裙收腰显瘦气质长裙子,89.00,广东 深圳,150人付款,都市e俪人,
2019秋冬新款蕾丝打底连衣裙淑女中长裙早秋款流行高冷御姐风成熟,99.00,广东 广州,87人付款,法蒙娅服饰旗舰店,
2019秋冬新款过膝针织小黑裙女赫本风收腰修身显瘦气质打底连衣裙,73.80,广东 广州,61人付款,韩韩女装批发网,
秋装2019年新款秋季娃娃领针织连衣裙女秋冬内搭打底毛衣裙中长款,168.00,广东 惠州,69人付款,蜗牛范儿旗舰店,
名媛小香风有女人味的酒红色高端荷叶边豹纹鱼尾年会礼服裙连衣裙,298.00,广东 深圳,43人付款,潮州啊明,
衣舒阁针织连衣裙女秋装2019新款时尚毛衣裙套装中长款两件套冬季,338.00,广东 深圳,30人付款,衣舒阁旗舰店,
针织连衣裙网红秋冬季新款韩版羊毛中长款套头毛衣修身打底衫过膝,358.00,浙江 嘉兴,16人付款,浅依绒旗舰店,
沙滩裙女夏2019新款蕾丝雪纺白色连衣裙马尔代夫海边度假超仙长裙,158.00,浙江 杭州,52人付款,孚颜旗舰店,
四英寸秋季女2019新款蕾丝拼接长裙修身包臀复古豹纹连衣裙87661,328.00,广东 深圳,28人付款,4英寸旗舰店,
丝绒连衣裙女2019新款秋装时尚小礼服名媛高贵两件套裙子气质套装,188.00,广东 深圳,60人付款,unenow旗舰店,
裂帛中长款连衣裙女2019秋季新款连帽刺绣显瘦长袖气质卫衣长裙子,309.00,天津,44人付款,裂帛服饰旗舰店,
秋装白色连衣裙2019新款流行蝴蝶结翻领显瘦收腰名媛气质淑女裙子,499.00,广东 广州,24人付款,sswoy8,
2019秋冬新款过膝毛衣裙长袖高领收腰显瘦中长款纯羊毛针织连衣裙,518.00,广东 深圳,14人付款,丝叙针织生活馆,
蓝色倾情2019秋冬新款 米色蕾丝翻领松紧腰连衣裙女气质仙女裙,259.00,浙江 杭州,49人付款,蓝色倾情旗舰店,
秋冬黑色连衣裙2019新款蝴蝶结长袖裙子收腰粗花呢连衣裙M1909181,268.00,广东 深圳,30人付款,海威迩77,
豆豆酱Chic一字肩性感a字裙小心机修身显瘦百褶裙包臀连衣裙女秋,138.00,广东 广州,114人付款,cc15881022175,
枪枪家初秋女连衣裙2019新款雪纺衫小香风镶钻半身裙洋气假两件裙,208.00,广东 广州,45人付款,chacha49,
连衣裙女秋冬内搭针织打底羊毛加厚贵夫人高端洋气中长款毛呢冬裙,398.00,广东 深圳,18人付款,彭永凤,
布蔓拉早秋新款女装2019长袖毛衣裙显瘦中长款过膝针织连衣裙潮流,188.00,广东 深圳,43人付款,布蔓拉旗舰店,
蓝色倾情2019秋冬新款 红色格子娃娃领连衣裙女松紧腰气质长裙子,289.00,浙江 杭州,38人付款,蓝色倾情旗舰店,
妥妥名媛风，商场货都没它漂亮！珍珠扣亮丝百褶针织连衣裙女裙子,258.00,浙江 杭州,79人付款,towers1889,
蓝色倾情2019冬装新款  黑色娃娃领网纱针织连衣裙女收腰小黑裙,179.00,浙江 杭州,68人付款,蓝色倾情旗舰店,
气质女装2019新款秋冬背带裙子高冷御姐风成熟针织连衣裙两件套装,189.00,广东 东莞,60人付款,桑漠旗舰店,
勿忘花2019年新款秋冬连衣裙女冬季气质冬裙秋季红色长袖裙子,348.00,广东 广州,18人付款,勿忘花旗舰店,
范思蓝恩金丝绒复古连衣裙女秋冬打底裙子千鸟格拼接中长款吊带裙,189.00,浙江 杭州,64人付款,范思蓝恩旗舰店,
卡芮茜米色蕾丝连衣裙女洋气打底裙长袖法国小众秋装仙女超仙甜美,213.00,广东 广州,27人付款,carnationh旗舰店,
贵夫人V领长袖连衣裙秋装2019年新款气质收腰A字针织长裙女装秋冬,369.00,广东 中山,33人付款,狐婷旗舰店,
2019春秋新款蝴蝶结酒红色连衣裙女复古名媛气质显瘦法国小众裙子,269.00,广东 深圳,35人付款,优织旗舰店,
毛衣短裙女秋冬套装小清新两件套甜美韩版森女系学生秋款淑女气质,188.00,广东 深圳,34人付款,语梦小屋2008,
金丝绒长裙女秋冬2019新款包臀长袖裙修身显瘦有女人味的连衣裙子,359.00,广东 广州,18人付款,sugenry旗舰店,
针织连衣裙女秋2019新款小香风宽松收腰气质中长款过膝打底毛衣裙,79.00,浙江 杭州,127人付款,杉杉铺子,
Rsemnia2019年新款ins超火牛仔连衣裙女中长款时尚收腰显瘦衬衫裙,1294.20,福建 泉州,18人付款,云梦做轻裳,
2019秋冬新款淑女修身长袖A字裙打底小黑裙气质黑色娃娃领连衣裙,189.00,广东 东莞,29人付款,身饰如花旗舰店,
2019春秋装新款女早秋洋气职业气质西装三件套女神范时尚时髦套装,230.00,浙江 杭州,41人付款,韩瑟艺旗舰店,
秋季新款早秋收腰百褶连衣裙中长款气质淑女修身显瘦过膝打底裙子,198.00,浙江 杭州,17人付款,街典旗舰店,
格子背带裙女秋冬2019新款洋气减龄长袖针织打底衫两件套连衣裙潮,158.00,浙江 杭州,36人付款,梦想与爱8090,
2019秋冬新款黑色针织连衣裙开衫内搭长款过膝打底收腰显瘦毛衣裙,89.90,浙江 杭州,124人付款,舞衣潮都店,
晚白2019秋冬新娘回门服蕾丝连衣裙红色名媛风修身内搭打底裙子女,338.00,广东 深圳,12人付款,onebuye服饰旗舰店,
恒源祥羊毛衫女中长款长袖格子连衣裙秋冬加厚女士毛衣宽松羊绒衫,228.00,浙江 嘉兴,40人付款,牧羊奴品牌店,
红色V领金丝绒连衣裙女秋装2019新款大码收腰气质中长礼服裙显瘦,318.00,广东 广州,14人付款,子馨服饰专营店,
泡泡法代 sandro 19秋冬甜美小香风拼接长袖淑女连衣裙sfpro00682,1300.00,法国,5人付款,余泡泡1105,
q女家格子西装连衣裙女夏2019新款短袖收腰气质显瘦双排扣a字短裙,149.00,广东 广州,89人付款,chiwawaq509,
春秋遮肚子连衣裙秋季2019新款碎花雪纺长袖中长款修身收腰中长裙,269.00,广东 深圳,34人付款,ditto迪图旗舰店,
法国代购 maje 19秋冬小香风百搭修身针织连衣裙 MFPRO00646,1400.00,法国,7人付款,嫣儿海外代购666,
气质女神范衣服2019新款秋装连衣裙性感女人味亮丝紧身V领打底裙,208.00,广东 东莞,36人付款,淘遍天下314,
沙滩裙女三亚泰国海边度假裙ins超火裙子巴厘岛超仙显瘦性感套装,198.00,广东 深圳,42人付款,aullnise旗舰店,
2019流行裙子秋冬2019新款名媛轻熟风黑色连衣裙长袖针织裙两件套,197.40,广东 深圳,105人付款,sea11_1,
时髦套装连衣裙2019新款秋装前短后长毛衣裙网纱蓬蓬两件套装裙潮,98.99,广东 广州,124人付款,韩美衣时尚坊,
秋冬季套装洋气减龄2019新款性感蕾丝包臀裙皮裙子两件套夜店女装,96.00,江苏 南京,94人付款,简迷派旗舰店,
L娜微卓雅2019冬装新款蕾丝娃娃领网纱灯笼袖假两件连衣裙1602401,308.00,广东 深圳,33人付款,伊人品雅,
sandro fadan法式小香风复古长袖收腰显瘦名媛气质百褶连衣裙淑女,336.00,广东 广州,18人付款,hzq北笙,
早秋装冬季2019年新款收腰显瘦气质法式小香风条纹针织连衣裙女装,168.00,广东 东莞,46人付款,捷羊旗舰店,
连衣裙女秋冬气质2019新款白色雪纺袖两件套背心长袖连衣裙中长款,389.00,广东 深圳,15人付款,flenkiy芙兰奇服饰旗舰店,
2019秋新款小清新淑女智熏仙女裙减龄娃娃领小香风蕾丝连衣裙显瘦,156.00,广东 广州,106人付款,执笔达16,
2019新款针织连衣裙女秋冬过膝长款内搭打底毛衣裙修身显瘦长裙子,138.00,广东 深圳,45人付款,tinee旗舰店,
赫本风小黑裙2019秋新款正式场合黑色小礼服裙女宴会中长秋连衣裙,279.00,广东 广州,29人付款,sugenry旗舰店,
女人味包臀鱼尾连衣裙秋季2019新款修身收腰气质女神范v领裙子女,188.00,广东 东莞,39人付款,唯静尚衣旗舰店,
金丝绒连衣裙长袖女秋冬季2019新款气质立领黑色收腰显瘦打底长裙,368.00,广东 深圳,20人付款,喜黛姿旗舰店,
Oece2019秋装新款女装 复古香风系带长袖针织连衣裙流行裙子韩版,159.00,浙江 杭州,109人付款,oece旗舰店,
内搭两件套洋气冬裙气质衣服时尚女神范套装裙秋冬季淑女女装加厚,178.00,广东 深圳,61人付款,良时旗舰店,
2019秋冬季新款明星网红同款修身长袖连衣裙女洋气小香风两件套潮,125.00,广东 广州,40人付款,一代佳衣坊,
法国代购maje连衣裙长袖小香风修身格纹短裙淑女19秋冬mfpro00651,1188.00,法国,10人付款,tb81444482,
与生自带的慵懒~V领小金扣五分袖针织小香风粗花呢连衣裙秋冬2019,498.00,上海,35人付款,祺祺直销店,
秋季外穿高领印花连衣裙过膝长款100%羊毛针织裙侧开叉镶钻毛衣裙,528.00,浙江 嘉兴,21人付款,可一服饰,
轻熟风连衣裙 赫本矮个子秋冬打底裙大码名媛胖mm200斤遮肚晚礼服,168.00,广东 广州,20人付款,t_1488587415929_0712,
DVF时尚女装2019春夏新款裹身裙印花修身显瘦气质中袖度假连衣裙,356.00,上海,20人付款,tb705537093,
名媛淑女气质聚会白色蕾丝雪纺连衣裙2019新款夏显锁骨一字肩裙子,189.00,广东 广州,45人付款,执笔达16,
娜娜女王衬衫连衣裙秋装2019年新款气质收腰格子不规则长裙35933,358.00,广东 深圳,25人付款,queennana旗舰店,
初秋装2019年新款女网纱拼接过膝小香风中长款针织连衣裙冬毛衣裙,168.00,广东 东莞,70人付款,捷羊旗舰店,
秋装女2019新款长袖黑色金丝绒连衣裙修身中长款蕾丝拼接v领裙子,368.00,广东 深圳,19人付款,舒姿菲旗舰店,
茬客秋装2019新款女性感一字肩抹胸小礼服优雅包臀收腰气质连衣裙,479.00,广东 广州,18人付款,茬客旗舰店,
早秋很仙的碎花连衣裙女2019新款春装过膝复古网红长裙小清晰裙子,68.00,广东 广州,188人付款,zhzhhong66,
冬季2019新款女秋冬针织加厚毛呢长袖小黑裙冬裙打底裙毛衣连衣裙,168.00,广东 东莞,45人付款,梁庭鹏文,
HN白色仙女裙子女2019秋季新品韩版V领修身显瘦高腰连衣裙中长款,188.00,广东 广州,21人付款,hn服饰旗舰店,
秋季新款2019玫红色雪纺长袖连衣裙女春秋修身显瘦中长款气质裙子,328.00,广东 深圳,20人付款,嘉瓦娜旗舰店,
【允儿法国代购】self portrait 第22季蕾丝镂空波点蛋糕裙连衣裙,1150.00,法国,6人付款,希希法国代购,
矮个子秋装妈妈显高洋气秋冬款2019年冬季女装新款连衣裙长袖秋季,148.00,广东 广州,72人付款,丽芳儿旗舰店,
高级定制秋冬装名媛气质七分袖大码女装小香风A字娃娃连衣裙粉色,188.00,广东 东莞,43人付款,衣戴添娇时尚女装,
惊艳的美！新款雾气薄荷蓝桑蚕丝优雅显瘦中长连衣裙真丝收腰显白,1680.00,广东 深圳,5人付款,高燕辉0745,
俏皮宽松卫衣气质淑女套装2019新款休闲时髦两件套性感女神范衣服,109.00,广东 广州,109人付款,lyajing静静,
法国代购maje小香风连衣裙2019秋冬通勤修身短裙淑女mfpro00590,1160.00,法国,5人付款,吴栩帆,
多h民族风女装秋装白色过膝长裙 淑女风刺绣凤凰长袖立领连衣裙,478.00,广东 深圳,16人付款,多h旗舰店,
2019新款网红初秋女装仙女超仙森系超长打底针织eggsshop连衣裙子,149.00,广东 东莞,39人付款,筱丽运动,
2019秋新款妈妈婚宴装大码气质高贵中长款参加婚礼连衣裙,588.00,浙江 杭州,11人付款,衣路香随旗舰店,
粉红大布娃娃2019冬季新款赫本风中长款连衣裙针织小黑裙女显瘦,239.00,上海,44人付款,粉红大布娃娃旗舰店,
2019秋冬新品通勤淑女范修身显瘦款V领长袖针织打底羊毛连衣裙女,138.00,上海,60人付款,cyw02187436,
秋装2019年新款流行百褶连衣裙女收腰洋气显瘦蝴蝶结黑色长袖裙子,358.00,浙江 杭州,16人付款,佐兰妮旗舰店,
旗袍秋装2019年新款中国风年轻款气质女神范衣服蕾丝改良版连衣裙,318.00,广东 深圳,20人付款,oycp女装旗舰店,
烟花烫绣花连衣裙女2019秋装新款复古文艺高腰度假裙子ZG 玉叶,338.00,河南 郑州,46人付款,烟花烫服饰旗舰店,
金丝绒连衣裙女2019秋冬新款气质长袖性感蕾丝拼接修身包臀中长裙,338.00,广东 深圳,30人付款,慕颜莉旗舰店,
羊毛长款毛衣裙过膝加厚韩版时尚宽松系带开叉圆领打底针织连衣裙,268.00,浙江 嘉兴,16人付款,玛尔摩旗舰店,
海青蓝黑色连衣裙中长款裙子女秋冬2019年新款气质打底a字裙05099,368.00,广东 深圳,33人付款,海青蓝outlets店,
法国代购sandro2019秋冬领带蝴蝶结拼接优雅礼服连衣裙sfpro00650,1060.00,法国,8人付款,韩依e,
艾尼薇 春款大码七分袖连衣裙减龄款娃娃领春秋季显瘦打底裙A字裙,59.00,上海,139人付款,艾尼薇女装旗舰店,
2019秋冬女装新款潮长袖针织拼接网纱假两件连衣裙中长款内搭洋气,278.00,广东 深圳,17人付款,淘淘mop,
秋装针织背带套装裙子小个子两件套2019新款打底连衣裙中长款秋冬,188.00,浙江 杭州,328人付款,奶茶小井,
初秋装2019年新款女韩版时尚职业小香风套装两件套毛呢连衣裙秋季,239.00,广东 深圳,29人付款,衣米衣旗舰店,
ANMANI/恩曼琳2019秋新款代购女蕾丝中袖腰封连衣裙L3463701国内,1680.00,四川 成都,5人付款,ochirly浪漫小屋,
连衣裙女春秋2019新款小个子套装裙显高显瘦针织半身裙两件套女潮,148.00,湖南 株洲,44人付款,喜瑶旗舰店,
绿慕2019女新款春夏到脚踝雪纺连衣裙超长款大摆修身红色沙滩裙,299.00,河南 郑州,24人付款,绿慕旗舰店,
蓝色倾情2019秋冬新款 紫色粗花纱V领系带小香风连衣裙淑女背心裙,289.00,浙江 杭州,34人付款,蓝色倾情旗舰店,
法式复古连衣裙收腰显瘦秋冬装2019年新款气质初秋季淑女套装裙子,209.00,广东 东莞,41人付款,梵沃旗舰店,
皮尔卡丹女酒红色长袖圆领连衣裙气质时尚收腰A字裙2019秋季新款,1114.00,山东 日照,7人付款,圣黛茜女装,
定制款 泫雅风裙子ins超仙网纱毛呢拼接连衣裙小个子收腰淑女裙秋,149.00,浙江 杭州,77人付款,笨笨的店店,
小香风长袖针织连衣裙女高冷御姐风法式收腰成熟小个子红色连衣裙,248.00,广东 深圳,22人付款,tangziqing0113,
2019秋冬新款女装潮连衣裙子两件套装气质御姐高冷时尚小香风洋气,178.00,广东 东莞,349人付款,素缘琴雪旗舰店,
秋装针织连衣裙女2019新款气质长裙洋气套装毛衣裙子中长款两件套,188.00,广东 深圳,44人付款,unenow旗舰店,
赫本风连衣裙女19早秋新款V领时尚花边拼接名媛气质粗花毛呢A字裙,1699.60,福建 漳州,7人付款,chenhuihong688,
秋冬新款百褶网纱拼接羊毛针织连衣裙女气质蕾丝裙修身中长款裙子,228.00,上海,370人付款,小鱼儿fashion,
卡芮茜2019早秋新款手工打摺连衣裙仙女超仙甜美智熏裙法式桔梗裙,269.00,广东 广州,32人付款,carnationh旗舰店,
罗家RMOJUL 2019秋装女装新款 西装领拼丝绒假两件中长百褶连衣裙,318.00,广东 深圳,37人付款,princess_1543,
超仙女装蕾丝连衣裙女秋冬季打底仙女裙内搭淑女气质木耳领流浪裙,168.00,广东 深圳,24人付款,云述旗舰店,
早秋款a字裙女秋装2019年新款女收腰显瘦长袖超仙气质淑女连衣裙,369.00,广东 深圳,20人付款,jmfive旗舰店,
首玺2019秋季新款连衣裙改良奥黛长款优雅旗袍式连衣裙中国风,599.00,江苏 苏州,8人付款,首玺旗舰店,
英伦风西装连衣裙女2019秋季新款时尚高腰显瘦长袖拼接不规则裙,1496.60,福建 泉州,14人付款,凯昌电子贸易,
曼家CUSAM2019冬装新款二件套连衣裙女长裙长袖收腰裙MJ42DD057,328.00,广东 广州,19人付款,楚三时尚,
法式棉质衬衫连衣裙女2019夏季新款白色连衣裙女仙气质衬衫领长裙,179.00,浙江 杭州,51人付款,mytrends,
本命年女装网红早秋装两件套装2019新款女神时尚气质淑女初秋衣服,178.00,广东 东莞,32人付款,bellehoney服饰,
初秋装2019年新款长袖雪纺法式复古连衣裙女收腰显瘦气质蕾丝裙子,168.00,浙江 杭州,43人付款,维衣时尚,
奥莎尼 2018秋装新款女酒红优雅领结蕾丝修身气质显瘦长袖连衣裙,569.00,江苏 无锡,12人付款,oceane女装旗舰店,
优雅气质水溶蕾丝连衣裙女中长款宽松显瘦早秋立领白色镂空打底衫,555.00,江苏 常州,11人付款,gesgoo旗舰店,
哥弟阿玛施女装官网正品2019秋新款小香风针织长袖连衣裙网纱长裙,280.00,广东 广州,22人付款,活在当下199009,
长袖针织连衣裙女秋冬修身中长款气质秋季长裙到脚踝黑色打底裙女,89.00,广东 广州,177人付款,honeyli1119,
【温暖磨毛印花含羊毛】甘甘的世界秋冬新款中长款大码羊毛连衣裙,598.00,北京,16人付款,甘甘的世界服饰旗舰店,
初秋高冷御姐风成熟气质西装连衣裙女秋冬2019新款外套女百搭时尚,198.00,广东 深圳,26人付款,维拉依柜旗舰店,
LUOHAN秋季连衣裙2019新款韩款白色长款仙女超仙甜美高端气质蕾丝,1033.20,福建 厦门,14人付款,灿1515,
秋季连衣裙女2019新款V领亮丝袖拉链收腰显瘦鱼尾裙时尚格子A字裙,73.98,广东 广州,158人付款,淘桥语,
长裙女春秋装2019新款时尚V领修身显瘦a字长袖小黑裙黑色连衣裙子,298.00,广东 广州,24人付款,子馨服饰专营店,
安娜家ANNA一眼倾心~优雅女人味长款鱼尾裙 三醋酸高级质感吊带裙,169.00,浙江 杭州,44人付款,xiaokang1371,
egg法式初恋很仙赫本小黑裙冬季长款过膝内搭打底丝绒a字裙子秋冬,168.00,广东 深圳,24人付款,初穆旗舰店,
女人味名媛优雅气质包臀裙2019秋冬新款女修身显瘦露背开叉连衣裙,188.00,浙江 杭州,24人付款,王小姐的腔调,
2019夏季新款女装海边度假沙滩裙小个子仙女裙流苏吊带连衣裙裙子,146.00,广东 东莞,58人付款,粉sebobo,
长裙夏连衣裙女2019新款气质雪纺修身沙滩裙大摆显瘦裙子超长款,190.00,河南 郑州,48人付款,名媛世家6,
勿忘花毛呢连衣裙秋冬女2019年新款冬季加厚羊毛修身显瘦长袖裙子,368.00,广东 广州,23人付款,勿忘花旗舰店,
红色吊带连衣裙女装2019秋季新款V领修身长款过膝金丝绒打底裙子,298.00,广东 深圳,29人付款,舒姿菲旗舰店,
四英寸2019秋季女装新款蕾丝丝绒打底裙黑色法式复古连衣裙87871,398.00,广东 深圳,41人付款,4英寸旗舰店,
MR WATER水滴君秋冬气质绑带包臀裹身裙中长款亮丝修身v领连衣裙,258.00,重庆,43人付款,yanlixiah1,
音儿2019秋冬代购新款国内正品女装羊毛针织连衣裙清仓折扣特价,798.00,上海,54人付款,专柜代购9988,
公主国度 夏秋季女新纯桑蚕丝重磅真丝蕾丝V领修身长袖长裙连衣裙,858.00,北京,11人付款,公主国度旗舰店,
2019新款春秋装娇小个子145cm矮150搭配140女装显高xs高腰连衣裙,89.90,广东 广州,75人付款,回头客8088,
秋装旗袍连衣裙改良版长袖气质修身中国风2019流行新款金丝绒裙子,399.00,浙江 杭州,9人付款,宝雪兰旗舰店,
法国代购maje19秋冬新款小香风长袖衬衫领皮拼接连衣裙mfpro00651,1259.00,北京,5人付款,ochirly999欧时力总代理,
2019春装新款针织连衣裙套装女中长款毛衣高腰蕾丝背心裙两件套潮,108.00,广东 广州,83人付款,麦田姑娘服饰旗舰店,
红色长袖连衣裙中长款2018秋冬新款时尚修身包臀气质过膝鱼尾长裙,188.00,浙江 杭州,11人付款,ruikeer芮可而旗舰店,
秋装2019年新款法式桔梗连衣裙仙女超仙毛衣网纱半身裙子两件套冬,179.00,广东 广州,84人付款,弄点旗舰店,
泡泡法代 sandro 19秋冬拼接钉珠通勤百搭淑女连衣裙sfpro00514,1300.00,法国,5人付款,余泡泡1105,
过膝连衣裙女配大衣的长裙子高领内搭2019秋冬新款打底针织毛衣裙,128.00,广东 东莞,26人付款,liaozhijnu,
针织连衣裙女装2019新款潮毛呢背带裙套装洋气减龄裙子两件套秋冬,239.00,广东 深圳,32人付款,拾雅旗舰店,
高端定制丝路诗篇2019秋新款修身连衣裙女KF02384W0,328.00,浙江 杭州,24人付款,丝路诗篇,
L卓雅艾薇2019秋冬新款娃娃领镂空蕾丝小香风假两件连衣裙1602401,308.00,广东 深圳,20人付款,卓雅jr,
针织连衣裙女2019秋冬新款网纱收腰气质洋气两件套过膝毛衣裙长裙,168.00,广东 东莞,54人付款,莎羽婷旗舰店,
中长款针织连衣裙女装长袖2019春秋冬季新款韩版a字内搭打底裙子,145.00,湖南 株洲,82人付款,O妖旗舰店,
2019秋装新款优雅女人味修身包臀过膝中长裙金丝绒打底长袖连衣裙,138.00,浙江 杭州,78人付款,孜冉美旗舰店,
ATAR秋冬新款鹅黄格子连衣裙复古淑女亲肤柔软黄金貂绒打底裙子,219.00,广东 广州,44人付款,atar旗舰店,
秋装裙子女2019新款女人味两件套裙装显瘦气质早秋女装洋气连衣裙,198.00,广东 东莞,38人付款,伊歌蔓旗舰店,
卡芮茜早秋装2019年新款连衣裙收腰显瘦气质七分袖亮片甜美仙女裙,259.00,广东 广州,26人付款,carnationh旗舰店,
2019新款显瘦性感ktv夜场夜店礼服长款夜总会小姐服晚礼服长裙女,92.70,广东 广州,41人付款,绿萱旗舰店,
2019秋冬新款韩版时尚性感镂空蕾丝长袖修身包臀露背中长款连衣裙,199.00,广东 广州,17人付款,甜谧蜜,
七彩法国代购maje19秋冬小香风连衣裙通勤修身短裙淑女mfpro00590,1250.00,法国,6人付款,tb159229047,
冬裙女装2019年潮流气质套装裙洋气两件套秋冬季淑女韩版显瘦时尚,188.00,广东 深圳,45人付款,宜哲女装旗舰店,
嘉瓦娜打底黑色蕾丝连衣裙女秋冬v领长袖气质收腰显瘦a字裙中长款,348.00,广东 深圳,9人付款,嘉瓦娜旗舰店,
汤元家SD法式一字肩连衣裙2019新款夏修身显瘦露肩粉色度假收腰裙,188.00,重庆,51人付款,shirleydogg,
冬季毛呢加厚冬裙子洋气秋冬装女神外套半身裙两件套装小个子成熟,238.00,广东 深圳,25人付款,良时旗舰店,
法单S家 19秋冬珍珠百褶针织修身深V领淑女短裙连衣裙 sfpro00508,339.00,广东 东莞,25人付款,ajy海外购,
无有无印黑色丝绒  胸前系蝴蝶结  背带百搭打底修身长连衣裙242,336.00,上海,31人付款,无有无印服饰旗舰店,
秋冬连衣裙女秋装2019年新款法式复古打底裙子高冷系气质成熟长裙,198.00,浙江 杭州,40人付款,靓人丽姿旗舰店,
秋冬新款连衣裙女流苏长袖蝴蝶结显瘦仙女A字裙淑女粗纺减龄女裙,198.00,广东 东莞,14人付款,chenxixiebing,
红色波点连衣裙女秋2019新款韩版显瘦v领复古温柔风气质淑女裙子,168.00,浙江 杭州,40人付款,自由自在cz,
黑色金丝绒连衣裙女秋冬2019新款宴会长款冬装年会聚会小礼服裙子,298.00,广东 广州,26人付款,sugenry旗舰店,
秋季长袖格子连衣裙女秋装2019年新款韩版时尚气质包臀裙子中长款,218.00,广东 深圳,40人付款,阿曼服饰315,
格子连衣裙女装2019春秋季新款韩版收腰显瘦气质a字短裙子两件套,218.00,湖南 株洲,62人付款,O妖旗舰店,
2019流行新款OL风穿搭法式复古超仙女内搭打底小香风连衣裙子秋冬,168.00,广东 深圳,42人付款,初穆旗舰店,
黑色千鸟格修身小香风毛呢背心裙女2019秋冬新款打底裙无袖连衣裙,368.00,广东 深圳,16人付款,丹丹开网店,
百图秋季连衣裙女两件套2019新款法式显瘦中长款小个子长袖连衣裙,499.00,广东 深圳,21人付款,betu旗舰店,
麦田姑娘秋冬2019款女甜美淑女V领毛衣网纱拼接连衣裙两件套女潮,98.00,广东 广州,95人付款,麦田姑娘服饰旗舰店,
百图长袖雪纺连衣裙女中长款2019秋装新款法式碎花娃娃领荷叶边裙,179.00,广东 深圳,30人付款,betu旗舰店,
初秋冬新款2019法式古泫雅风连衣裙子ins超仙高冷系女装气质成熟,168.00,广东 广州,35人付款,依魅莉旗舰店,
谷邦2019秋冬新款酒红黑色连衣裙简约中长款修身长袖百褶裙女,799.00,浙江 杭州,13人付款,谷邦官方旗舰店,
2019秋季新款粉红玛丽钉珠刺绣蕾丝连衣裙长袖收腰显瘦气质A字裙,654.00,上海,11人付款,天际的星愿,
[多色可选]法式宫廷泡泡袖连衣裙女方领后背交叉绑带美背长袖短裙,62.00,广东 广州,316人付款,tb551477976,
职业装女2019秋季新款长袖工作服时尚气质名媛粉色ol小香风连衣裙,398.00,福建 福州,15人付款,睿诺旗舰店,
气质羊毛针织连衣裙秋装女2019新款宽松H型冷淡风裙子流苏复古裙,409.50,福建 厦门,20人付款,生活购简单,
XG长袖时尚修身高腰中长款超仙气质淑女连衣裙2019冬季新款女装,629.00,浙江 温州,13人付款,xg服饰旗舰店,
范姿雪纺连衣裙秋冬2019新款气质长袖秋季新款裙子两件套碎花裙女,319.00,广东 广州,23人付款,范姿旗舰店,
Koradior珂莱蒂尔2019秋款专柜正品国内代购连衣裙KF02862Q4,279.00,广东 深圳,26人付款,英式流行精品,
长袖连衣裙女初秋冬装2019新款法式复古长裙收腰显瘦气质长款裙子,178.00,浙江 杭州,23人付款,淘意浓浓820,
欧洲站2019秋冬新款针织学院风文艺小清新连衣裙女法国小众娃娃裙,378.00,上海,18人付款,林友创888,
2019新款夏季夜店女装显瘦鱼尾裙子名媛气质性感波点一字肩连衣裙,143.20,广东 广州,54人付款,魏凡舒816,
烟花烫软网纱印花连衣裙女2019秋装新款时尚气质超仙收腰SD 未美,258.00,河南 郑州,61人付款,烟花烫服饰旗舰店,
连衣裙女秋冬女装2019新款潮高冷御姐风成熟小香风毛呢两件套韩版,298.00,广东 深圳,18人付款,娇莲本雅旗舰店,
秋装2019年新款孔雀蓝连衣裙女立领喇叭七分袖中长款碎花淑女裙子,238.00,湖北 武汉,17人付款,亿友iyo,
裙子女秋季2019新款中长款韩版收腰显瘦气质长袖连衣裙早秋打底裙,158.00,浙江 杭州,37人付款,荣莎旗舰店,
2019新款女装秋冬季收腰显瘦气质过膝长袖蕾丝加绒加厚打底连衣裙,158.00,广东 广州,25人付款,亿梦诗旗舰店,
恒源祥女士毛衣裙2019秋冬新款打底羊毛衫中长款加厚连衣裙羊绒衫,188.00,浙江 杭州,27人付款,唯美那尚品会,
高冷御姐风成熟连衣裙女收腰显瘦长袖名媛气质法式礼服裙平时可穿,298.00,江西 九江,26人付款,衣阁里拉旗舰店,
2019秋冬新款女装酒红色裙子羊毛针织毛衣连衣裙中长款法式气质款,569.00,广东 深圳,5人付款,莱芙艾迪儿旗舰店,
冬天穿的毛连衣裙肥mm加厚中长款胖配大衣的遮肚显瘦长裙女小个子,169.00,广东 广州,21人付款,唯壹888,
国内代购地素2019年秋专柜新款小香风粗花呢无袖连衣裙女3G3O301,599.00,浙江 丽水,14人付款,woshiliwenhe,
长袖条纹小香风连衣裙女秋冬设计感2019新款洋气名媛收腰显瘦气质,259.00,广东 东莞,13人付款,斯珈妮旗舰店,
秋装2019年新款连衣裙收腰气质洋气显瘦棉铃印花polo衬衫裙女长款,388.00,浙江 杭州,20人付款,佐兰妮旗舰店,
2019秋冬新款毛衣背带裙两件套套装裙时尚女神气质法式少女学生裙,153.00,广东 深圳,48人付款,逃出仁生,
2019秋冬新款女装娃娃领格纹粗花呢a字裙气质淑女长袖修身连衣裙,358.00,广东 东莞,19人付款,lumn旗舰店,
FAshi 2019秋冬季新款网红两件套百搭小香风穿搭气质中长裙套装女,408.00,广东 深圳,64人付款,秀秀精美屋,
欧洲站2019秋季新款清新波点裙甜美女装拼贴中裙百褶裙半身裙时尚,398.00,广东 深圳,52人付款,金色小米粒8,
正品D家裙子v领真丝韩国明星同款碎花连衣裙DVF SX夏新款2019女装,598.00,北京,9人付款,潮牌大吉,
长袖连衣裙秋2019新款韩版气质淑女端庄大气长款到脚踝长裙春秋款,158.00,浙江 杭州,52人付款,tanglei789456,
夜店性感女装2019新款早春气质淑女包臀连衣裙夜场时尚两件套套装,164.00,广东 深圳,39人付款,舒适诱惑旗舰店,
秋季长袖金丝绒连衣裙2019新款淑女气质圆领黑色镂空蕾丝小黑裙子,368.00,广东 深圳,16人付款,jinkaix旗舰店,
2019新款淑女法式复古直筒背带连衣裙气质名媛小香风两件套女秋冬,388.00,上海,14人付款,林友创888,
2019秋冬新款法式复古白色连衣裙女高腰蕾丝网纱礼服蛋糕裙长裙子,1499.00,广东 深圳,5人付款,flowerscoming旗舰店,
2019秋冬季新款女装长袖灯芯绒连衣裙气质淑女韩版收腰中长款裙子,79.90,广东 广州,129人付款,yanggongzhu0033,
高冷御姐风成熟连衣裙女秋冬打底法式蕾丝宫廷气质内搭配大衣长款,128.00,广东 广州,71人付款,搜集旗舰店,
公主国度2019秋冬新女复古弹力金丝绒长袖V领荷叶修身长裙连衣裙,398.00,北京,17人付款,公主国度旗舰店,
香港jennie同款裙子法式复古中长款过膝长袖黑色针织连衣裙打底女,588.00,广东 肇庆,14人付款,郭明辉g,
秋冬装2019年新款女小香风针织连衣裙鱼尾中长款女神范毛衣裙过膝,178.00,广东 东莞,44人付款,捷羊旗舰店,
Oece2019冬装新款女装 精灵小仙女梦幻蕾丝高腰轻纱长袖连衣裙,339.00,浙江 杭州,20人付款,oece旗舰店,
冬天穿的连衣裙子中长款加厚成熟秋冬肥mm胖遮肚显瘦气质配大衣的,169.00,广东 广州,28人付款,唯壹888,
2019冬季新款绿色格子连衣裙女秋冬法式复古收腰显瘦中长款a字裙,338.00,广东 深圳,11人付款,嘉瓦娜旗舰店,
高领毛衣针织连衣裙女2019新款长款过膝内搭打底配大衣的裙子秋冬,239.00,广东 深圳,15人付款,拾雅旗舰店,
毛衣裙秋冬新款名媛宽松大码女加厚高领长袖红色中长款过膝连衣裙,298.00,广东 东莞,12人付款,艾怡诗旗舰店,
亦朵2019秋季新款气质显瘦长袖连衣裙女士中长款高端印花宽松裙子,499.00,浙江 杭州,11人付款,亦朵旗舰店,
杭州反季真丝双绉连衣裙女桑蚕丝2019春夏新款大牌气质a字裙子夏,468.00,浙江 杭州,17人付款,壹型壹觅旗舰店,
2019秋冬新款针织毛衣网纱裙两件套连衣裙修身收腰淑女气质仙女裙,136.00,广东 深圳,49人付款,逃出仁生,
2019初秋新款女装小个子毛衣裙子蓬蓬裙内搭打底针织连衣裙女秋冬,138.00,广东 东莞,33人付款,芩泽语旗舰店,
巴黎代购MAJE18秋冬马思纯同款赫本小黑裙收腰显瘦羊毛针织连衣裙,800.00,法国,12人付款,美莲家代购,
针织长袖连衣裙秋季女装2019新款法式复古淑女智熏风法式桔梗裙子,159.00,浙江 杭州,71人付款,让眼睛去旅行ing,
Oece2019冬装新款女装 复古撞色修身设计感拼接收腰长袖连衣裙,399.00,浙江 杭州,19人付款,oece旗舰店,
晚晚风森女系成熟风复古网红抖音原宿港风女装ins两件套装早初秋,168.00,广东 东莞,26人付款,雅辞旗舰店,
妃语露肩针织连衣裙女秋冬装2019年新款宽松高领很仙的过膝毛衣裙,289.00,广东 深圳,21人付款,feiyu妃语服饰,
名媛范针织连衣裙套装女秋冬季2019新款时尚修身中长款毛衣两件套,59.00,广东 广州,197人付款,sz920721,
金丝绒连衣裙2019秋冬新款长裙女配大衣高冷御姐风成熟气质打底裙,148.00,广东 广州,36人付款,裳欧颐旗舰店,
egg裙法式初恋a字裙2019秋冬新款高冷御姐风成熟连衣裙气质女装潮,268.00,广东 东莞,24人付款,桑漠旗舰店,
2019初秋新款收腰显瘦小香风气质淑女荷叶边雪纺连衣裙中长款裙子,136.00,广东 东莞,68人付款,芊芊惠婷,
BBLLUUEE/粉蓝衣橱秋季新款修身收腰花边圆领粉色蕾丝长袖连衣裙,579.00,广东 深圳,8人付款,粉蓝衣橱官方旗舰店,
尘埃之家连衣裙女秋装2019新款赫本风法式复古气质印花裙子A136,358.00,浙江 温州,11人付款,尘埃之家旗舰店,
红色连衣裙礼服裙女宴会气质名媛吊带订婚结婚敬酒服新娘回门裙子,358.00,广东 深圳,22人付款,知觉之门旗舰店,
花儿开了2019秋冬新款甜美印花粉色丝绒连衣裙女修身高腰显瘦长裙,1329.00,广东 深圳,8人付款,flowerscoming旗舰店,
【双11预售】Buou Buou2019秋季新品淑女木耳领蕾丝连衣裙DF3G030,1160.00,广东 深圳,5人付款,buoubuou官方旗舰店,
连衣裙2019新款娃娃领长袖碎花显瘦初秋气质减龄轻熟风杨超越同款,158.00,广东 广州,31人付款,天火熊猫,
【弹力印花台湾纱】秋季新款弹力立体印花网纱裙大码妈妈装,498.00,北京,16人付款,甘甘的世界服饰旗舰店,
Buou Buou2019冬季新款淑女撞色花领钉珠灯笼袖修身连衣裙DF4G033,1389.00,广东 深圳,11人付款,buoubuou官方旗舰店,
公主国度 夏秋季女装新纯桑蚕丝重磅真丝长袖领结修身长裙连衣裙,858.00,北京,9人付款,公主国度旗舰店,
2019年新款初秋女装女神范减龄穿搭长袖西装气质碎花长裙两件套装,238.00,广东 东莞,17人付款,芩泽语旗舰店,
法式粗花呢连衣裙女秋冬2019新款秋季短款小个子直筒裙 高腰显瘦,278.00,广东 广州,57人付款,韩衣朵朵旗舰店,
圆领长袖高腰修身拼接针织网纱连衣裙女过膝长裙流行百褶裙秋冬款,375.00,广东 深圳,19人付款,xmo旗舰店,
轻熟风女装套装港味冬装2019年新款外套加裙子两件套初冬时尚淑女,218.00,广东 深圳,44人付款,良时旗舰店,
35一45连衣裙女秋冬2019新款阔太太秋装中长款收腰气质针织毛衣裙,288.00,广东 广州,22人付款,易美初旗舰店,
珂瑞思法式简洁针织条纹连衣裙秋冬女装2019新款潮过膝垂感中长裙,369.00,广东 深圳,12人付款,珂瑞思服饰旗舰店,
法国代购maje小香风连衣裙2019秋冬通勤修身短裙淑女mfpro00590,2301.00,法国,6人付款,in_china,
熙世界很仙的星光连衣裙2019秋冬新款针织拼接长袖赫本风小黑裙女,169.00,广东 广州,59人付款,sllsky服饰旗舰店,
冬装2019年新款女黑色连衣裙复古小黑裙收腰显瘦气质流行毛衣裙子,189.00,广东 深圳,27人付款,tinee旗舰店,
2019秋款女装洋气套装复古打底小黑裙连衣裙淑女气质少女温柔裙子,125.00,广东 深圳,84人付款,逃出仁生,
仙女裙chic温柔小个子法式桔梗裙复古初恋很仙的法国小众连衣裙,188.00,湖南 长沙,42人付款,叮咚vv,
初秋新款2019网红休闲慵懒风针织开衫套装女时尚吊带连衣裙两件套,178.00,广东 东莞,27人付款,bluestreak旗舰店,
裂帛高领连衣裙女2019秋季新款民族提花修身中长款打底内搭裙子,339.00,天津,20人付款,裂帛服饰旗舰店,
年会礼服裙赫本小黑裙2019新款中袖聚会小礼服气质V领连衣裙女,318.00,上海,20人付款,msing_shoes,
2019秋冬新款女装米色针织打底裙v领中长款连衣裙修身百褶毛衣裙,188.00,广东 东莞,27人付款,风吹飘絮,
皮尔卡丹服饰2019春秋新款长袖连衣裙时尚潮流红色淑女裙子,666.00,山东 日照,18人付款,圣黛茜女装,
2019春秋韩版长袖蕾丝连衣裙温柔缕空网纱仙女宽松大摆鱼尾裙长裙,139.00,广东 广州,50人付款,洛洛卡儿旗舰店,
秋装2019年新款女长袖小香风连衣裙荷叶边收腰显瘦长裙森女系秋冬,138.00,广东 深圳,47人付款,凭回忆思恋,
针织连衣裙女秋冬长袖冬装2019年新款毛衣内搭娃娃领配大衣的裙子,208.00,广东 东莞,36人付款,梵微羽轩旗舰店,
月芝猫敛蛾眉旗袍改良版连衣裙秋装2019年新款年轻款少女新式宽松,189.00,四川 成都,115人付款,月芝猫旗舰店,
2019秋季新款女装V领钉珠拼接网纱长袖修身长款黑色金丝绒连衣裙,398.00,广东 深圳,17人付款,舒姿菲旗舰店,
泫雅风ins中长款收腰显瘦打底气质内搭长裙碎花连衣裙子女装秋冬,168.00,浙江 杭州,35人付款,织筱旗舰店,
修身显瘦针织蕾丝连衣裙女薄款绵羊毛气质毛衣裙秋冬中长款打底衫,218.00,浙江 嘉兴,17人付款,美兰衣柜,
碎花连衣裙中长款2019秋季女装新款气质显瘦改良复古法式旗袍裙子,198.00,浙江 杭州,22人付款,ruikeer芮可而旗舰店,
viss金泰国巴厘岛沙滩裙度假抹胸百褶显瘦吊带裙黄色连衣裙女露背,116.00,浙江 杭州,79人付款,viss金,
海南三亚沙滩裙女超仙白色显瘦连衣裙泰国普吉岛海边旅游度假裙子,149.00,浙江 杭州,50人付款,爱情巴士旗舰店,
王小鸭2019新款秋季优雅大码真丝连衣裙桑蚕丝大牌反季红色长裙,998.00,浙江 杭州,8人付款,王小鸭旗舰店,
中长款毛衣裙女2019春装新款厚宽松套头晚风针织过膝打底连衣裙,89.90,广东 广州,90人付款,麦田姑娘服饰旗舰店,
真丝连衣裙桑蚕丝夏季女装2019新款高端大牌中长款印花大码裙子,528.00,浙江 杭州,9人付款,恩纳斯旗舰店,
公主国度 夏季女新纯桑蚕丝真丝重磅荷叶袖松紧腰修身长裙连衣裙,788.00,北京,15人付款,公主国度旗舰店,
【双11预售】Buou Buou2019新款钉珠假两件收腰蕾丝连衣裙DF4G070,1340.00,广东 深圳,2人付款,buoubuou官方旗舰店,
THE KOOPLES 2019蕾丝网纱桑蚕丝蝴蝶印花连衣裙FROB18004K,5490.00,浙江 嘉兴,2人付款,thekooples官方旗舰店,
尹茉中长款加绒蕾丝连衣裙女2019冬装新款显瘦大码立领A字打底裙,169.00,浙江 杭州,26人付款,尹茉服饰旗舰店,
长袖蕾丝连衣裙女秋冬加绒打底裙流行收腰气质配大衣的裙子内搭冬,168.00,广东 广州,23人付款,菲思雨服饰旗舰店,
轻熟风小众气质高端连衣裙名媛针织2019秋冬季新款女神范chic裙子,1386.00,福建 泉州,20人付款,腾睿紫山,
假两件针织连衣裙2019秋冬新款气质淑女半高领木耳边鱼尾打底裙,79.90,广东 广州,109人付款,yezimo01,
金丝绒连衣裙女秋冬新款2019女装气质名媛蕾丝吊带女人味包臀裙子,228.00,广东 东莞,32人付款,淘遍天下314,
黑色长袖雪纺连衣裙2019新款秋流行仙女超仙洋气甜美多层次蛋糕裙,269.00,广东 东莞,15人付款,斯珈妮旗舰店,
情侣装秋装2019新款百搭小众设计感女连衣裙同色系衬衫成熟套装,79.00,广东 广州,73人付款,disoo旗舰店,
HN针织连衣裙女2019秋冬新款网纱绣花拼接半高领中长款修身小黑裙,178.00,广东 广州,13人付款,hn服饰旗舰店,
泰国潮牌性感露肩吊带显瘦小黑裙气质名媛高端简单大方礼服连衣裙,378.00,广东 广州,12人付款,yhuim,
蓝色倾情2019冬装新款 粉色复古格子娃娃领小香风针织连衣裙女,199.00,浙江 杭州,39人付款,蓝色倾情旗舰店,
针织连衣裙秋冬  2019新款小香风超仙淑女收腰打底毛衣裙配大衣潮,259.00,广东 东莞,27人付款,程允培,
产自鄂尔多斯市秋冬2019新款女连衣裙洋气宽松羊绒打底衫中长毛衣,168.00,浙江 杭州,28人付款,美丽说服饰8,
淑女范闪闪亮片仙女裙2019秋冬新款超仙气质显瘦烫金网纱连衣裙女,139.00,广东 广州,671人付款,tb920687_2012,
秋冬2019年新款女长袖衬衫裙名媛气质小香风加绒加厚显瘦 连衣裙,278.00,广东 广州,28人付款,韩衣朵朵旗舰店,
毛衣针织连衣裙秋冬女装2019新款潮长款过膝打底内搭配大衣的裙子,159.00,广东 深圳,2330人付款,百诗哲旗舰店,
直筒毛衣中长款过膝连衣裙秋冬新款宽松半高领格子长袖打底针织裙,268.00,浙江 嘉兴,558人付款,郎尼拉芙旗舰店,
海青蓝连衣裙女秋冬2019新款时尚气质修身拼接长袖针织裙子15575,368.00,广东 深圳,366人付款,海青蓝旗舰店,
2019新款秋冬高冷御姐风成熟套装两件套连衣裙女气质时尚洋气初秋,138.00,广东 广州,1350人付款,艾蝶露旗舰店,
2019新款流行长款毛衣裙仙女内搭针织打底连衣裙女秋冬配大衣裙子,208.00,广东 东莞,1723人付款,町叩旗舰店,
丹慕妮尔裙子女秋冬装2019年新款长袖收腰显瘦洋气名媛气质连衣裙,388.00,广东 深圳,885人付款,丹慕妮尔旗舰店,
ONLY2019冬季新款洋气裙子小香风针织连衣裙女|119446510,699.00,天津,165人付款,only官方旗舰店,
Lily2019秋冬新款女装气质小香风亮丝编制淑女口袋直身连衣裙7932,469.00,上海,366人付款,lily官方旗舰店,
秋冬女长款过膝蕾丝拼接内搭打底针织毛衣裙配大衣的长袖连衣裙子,188.00,广东 东莞,1684人付款,幼u瓷,
海青蓝假两件连衣裙2019秋新款时尚针织拼接收腰网纱百褶气质长裙,368.00,广东 深圳,194人付款,海青蓝旗舰店,
黑色职业包臀开叉连衣裙女2019新款秋冬装V领修身气质显瘦一步裙,278.00,广东 广州,982人付款,千娜儿旗舰店,
打底针织连衣裙秋冬毛衣裙子长裙女过膝中长款内搭初秋2019新款厚,138.00,广东 广州,1662人付款,tb55134_99,
海青蓝气质轻熟风裙子收腰秋季女装2019新款印花假两件长袖连衣裙,368.00,广东 深圳,229人付款,海青蓝旗舰店,
连衣裙内搭秋冬新款裙子女2019气质背带裙套装春款两件套洋气减龄,228.00,广东 广州,1010人付款,易美初旗舰店,
秋水伊人娃娃领黑色毛呢连衣裙子秋冬2019新款收腰气质打底裙长袖,649.00,浙江 杭州,161人付款,秋水伊人官方旗舰店,
打底针织连衣裙子2019新款娃娃领秋冬季中长款过膝毛衣裙超仙女装,198.00,广东 深圳,1028人付款,niat旗舰店,
海青蓝小香风中长裙2019秋冬新款粗花呢收腰显瘦气质连衣裙16265,388.00,广东 深圳,124人付款,海青蓝旗舰店,
秋水伊人高冷御姐风成熟连衣裙女秋冬2019新款收腰显瘦气质打底裙,399.00,浙江 杭州,282人付款,秋水伊人官方旗舰店,
贵夫人羊毛针织连衣裙女秋冬2019年秋款女装中长款毛衣裙过膝加厚,318.00,广东 深圳,476人付款,妃语旗舰店,
秋水伊人连衣裙冬装2019年流行新款女装小香风钉珠直筒裙子女,359.00,浙江 杭州,211人付款,秋水伊人官方旗舰店,
HAINI海尼2019秋冬季新款羊毛长袖V领针织连衣裙女修身高腰A字裙,498.00,广东 深圳,357人付款,海尼旗舰店,
三彩2019初秋冬季新款高冷御姐风连衣裙修身淑女打底中长针织裙子,398.00,浙江 杭州,224人付款,三彩官方旗舰店,
日系名品女装秋冬新款红色复古羊毛针织连衣裙气质收腰显瘦打底裙,498.00,上海,419人付款,annazlll,
TeenieWeenie小熊2019冬季新款收腰显瘦气质针织连衣裙淑女风裙子,826.00,上海,121人付款,teenieweenie官方旗舰店,
秋冬裙新款女加厚贵夫人连衣裙高端洋气针织裙子气质毛衣裙中长款,268.00,广东 广州,756人付款,易美初旗舰店,
秋冬连衣裙女2019新款长袖气质淑女貂绒韩版中长款显瘦高领打底裙,589.00,福建 厦门,226人付款,精品代购折扣店铺,
【Ethel法代】sandro 19秋冬淑女拼接珍珠领百搭连衣裙sfpro,1366.00,法国,149人付款,gxichen2013,
秋水伊人连衣裙冬装2019新款女装拼接雪纺长袖系带领假两件裙,499.00,浙江 杭州,119人付款,秋水伊人官方旗舰店,
女人味法式复古收腰毛衣裙2019秋冬新款女显瘦气质针织系带连衣裙,198.00,浙江 杭州,1045人付款,王小姐的腔调,
Vero Moda2019秋冬新款彩色花呢拼接直筒流苏连衣裙|31936Z529,699.00,天津,60人付款,veromoda官方旗舰店,
秋水伊人连衣裙2019冬新款女装圆领长袖显瘦法式轻熟风针织裙子,299.00,浙江 杭州,216人付款,秋水伊人官方旗舰店,
香影连衣裙2019新款流行裙子秋冬小香风针织拼接粗花呢格子中长款,439.00,浙江 杭州,85人付款,香影官方旗舰店,
PORTS宝姿2019淑女褶皱优雅知性连衣裙简约修身中袖OL通勤,2939.00,福建 厦门,16人付款,ports宝姿旗舰店,
背心连衣裙秋冬毛呢马甲裙秋款套装两件套裙秋洋气减龄气质背带裙,248.00,广东 广州,694人付款,易美初旗舰店,
香影连衣裙女2019秋冬装新款直筒格子毛衣裙中长款小香风针织裙子,269.00,浙江 杭州,159人付款,香影官方旗舰店,
香影针织连衣裙2019新款韩版流行喇叭袖宽松显瘦毛衣裙中长款秋冬,259.00,浙江 杭州,130人付款,香影官方旗舰店,
乐町网纱连衣裙秋季女装2019新款气质网纱连衣裙收腰洋气淑女裙,269.90,浙江 宁波,196人付款,乐町官方旗舰店,
妃语秋冬装2019年新款女气质名媛针织小香风吊带连衣裙两件套裙子,398.00,广东 深圳,319人付款,feiyu妃语服饰,
长袖小香风气质连衣裙针织毛线两件套裙子女人味时尚套装2019秋潮,239.00,浙江 杭州,740人付款,百加度,
ONE MORE2019秋季新款海军领连衣裙宽松显瘦黑色法式甜美裙子女士,739.00,浙江 宁波,103人付款,onemore官方旗舰店,
针织连衣裙女秋冬香影2019新款长袖修身显瘦中长款半高领毛衣裙子,459.00,浙江 杭州,80人付款,香影官方旗舰店,
Miss Sixty2019新款秋季V领收腰显瘦法式浪漫波点连衣裙女,1690.00,广东 广州,19人付款,misssixty官方旗舰店,
秋水伊人连衣裙2019秋冬新款女装长袖法式显瘦中长款气质针织裙子,359.00,浙江 杭州,118人付款,秋水伊人官方旗舰店,
香影针织连衣裙女秋冬2019新款气质韩版显瘦中长款直筒长袖毛衣裙,279.00,浙江 杭州,130人付款,香影官方旗舰店,
秋水伊人针织连衣裙秋装2019年新款女装方领复古修身淑女裙子女,399.00,浙江 杭州,93人付款,秋水伊人官方旗舰店,
dzzit地素 2019秋专柜新款小香风粗花呢无袖连衣裙女3G3O3016T,1390.00,上海,33人付款,dzzit官方旗舰店,
三彩2019秋冬季新款娃娃领蕾丝公主裙子打底修身法式中长连衣裙女,398.00,浙江 杭州,77人付款,三彩官方旗舰店,
蕾丝连衣裙女 红袖2019冬装新款气质成熟淑女长袖法式初恋智熏裙,439.00,浙江 杭州,76人付款,红袖官方旗舰店,
